id,first_name,last_name
1,Orbadiah,Mallinson
2,Esteban,Phelp
3,Haily,Scholar
4,Norbie,Vine
5,Shamus,Yesichev
6,Kikelia,Learned
7,Erina,Doelle
8,Debbi,Hawtin
9,Eyde,Aukland
10,Hildegarde,Janaszewski
11,Drusi,Dorgon
12,Willem,Simoncello
13,Roch,Bartleman
14,Bendicty,Stickells
15,Erin,Tuke
16,Oneida,Ochterlony
17,Quinlan,Gobell
18,Garry,Cosgry
19,Dall,Brunstan
20,Ashby,Arnot
21,Mandy,Veall
22,Travers,Withey
23,Flemming,Metson
24,Kevin,Bowland
25,Brigitte,Garbert
26,Darb,Pennyman
27,Koo,Mennithorp
28,Alfonse,Lorait
29,Pearline,Mendenhall
30,Dion,McMychem
31,Hetty,Kilmurray
32,Des,Rookesby
33,Derward,Roostan
34,Jacintha,Sommerville
35,Alfonse,McBain
36,Rona,Arpino
37,Emilie,Etherton
38,Vita,Beautyman
39,Clair,Peniman
40,Fernandina,Jemmett
41,Port,Beardsell
42,Cherey,Prigmore
43,Jacinda,Hillen
44,Estel,Hurst
45,Damiano,Antonioni
46,Devin,Rosenfelder
47,Cordi,Lamberti
48,Ryan,Tuft
49,Garret,Blazynski
50,Nollie,Este
51,Katlin,Redshaw
52,Darrel,Lipp
53,Gussy,Bellanger
54,Ardene,Falkingham
55,Kathe,Brislane
56,Emeline,Dumini
57,Pattin,Matteris
58,Mark,Card
59,Enid,Viollet
60,Dacie,Souter
61,Robby,Meynell
62,Karry,Bohl
63,Rogers,Labuschagne
64,Norris,Pesek
65,Kennith,Briant
66,Boniface,Smowton
67,Carmen,Slograve
68,Page,Metts
69,Gisela,Assiratti
70,Gates,Dallimore
71,Idelle,Bangley
72,Ketty,Staddom
73,Magnum,Bertlin
74,Federico,Cancutt
75,Traver,Abbiss
76,Albina,Careswell
77,Giusto,Fritchly
78,Kaitlin,Mundle
79,Ashli,Fitchell
80,Terrie,Harford
81,Ban,Readitt
82,Johny,Maas
83,Del,Broun
84,Edith,Broggio
85,Tobin,Hobgen
86,Elaine,Lockton
87,Ilario,Kerfod
88,Aurelea,Cluderay
89,Talya,Jehaes
90,Massimo,Pimblett
91,Petey,Gogerty
92,Jocelyn,Light
93,Joice,Dunstone
94,Andras,Wanek
95,Chauncey,Ambrosoli
96,Mathilda,Cattellion
97,Leslie,Hackwell
98,Lynnet,Raimbauld
99,Cully,Pauel
100,Didi,Ivasechko
101,Gardner,Hexam
102,Helenelizabeth,Christer
103,Locke,Spittle
104,Christean,Speak
105,Heywood,McClory
106,Mar,Speck
107,Layney,Filkin
108,Waldo,Woliter
109,Dermot,Dumingo
110,Isador,Hayman
111,Harrietta,Mingame
112,Tammy,Gallone
113,Myrtie,MacGowing
114,Althea,McDonand
115,Thaddeus,Seear
116,Morgen,Bousfield
117,Clareta,Konerding
118,Cody,Vanetti
119,Carla,Casel
120,Norton,Moden
121,Althea,Zannuto
122,Bethany,Praton
123,Alameda,Pincked
124,Darcy,Faulkener
125,Tommy,Collingwood
126,Antonin,Lethabridge
127,Biddie,Benbough
128,Phineas,Byres
129,Ara,Gladbeck
130,Bradly,Toppas
131,Zaria,Mathewes
132,Angie,Blenkensop
133,Katherina,McCuthais
134,Brendan,Kloisner
135,Findley,Taunton.
136,Hewett,Galfour
137,Pippy,Lars
138,Avrom,Matz
139,Jemima,Ingleson
140,Silvio,Cud
141,Janaye,Bealing
142,Alicia,Cattlow
143,Lancelot,Whillock
144,Maryl,Rampling
145,Leona,Gavagan
146,Morry,Oddboy
147,Darb,Offell
148,Clifford,Winsley
149,Boony,Gatfield
150,Quill,Pilcher
151,Felicio,Crowcum
152,Carmita,Bruffell
153,Gilburt,Gherarducci
154,Nikolaos,McColm
155,Darb,Mortimer
156,Gweneth,Coate
157,Brooks,Crimpe
158,Gregorio,Dunwoody
159,Teodoro,Shoutt
160,Jessi,Gantzman
161,Carce,Cardenosa
162,Elfie,Heliet
163,Gustavus,Sandeman
164,Daron,Prier
165,Marabel,Boyer
166,Claudio,Seavers
167,Carla,Ransome
168,Curran,Clixby
169,Denys,Dumbrell
170,Alvan,Benallack
171,Otho,Yorke
172,Pia,Houlden
173,Rudy,Cocking
174,Matilde,Benardette
175,Berne,Heinsen
176,Dorotea,Foucher
177,Neda,Luter
178,Rupert,Chuter
179,Elaina,Dyott
180,Agnella,Ewbanke
181,Brianne,Kennion
182,Derwin,Jesse
183,Shaylyn,Imloch
184,Jammal,Pepperd
185,Audrie,Giraudot
186,Gilberto,Robertis
187,Fernando,Godehard.sf
188,Fawne,McCrow
189,Luce,Defries
190,Loy,Raden
191,Heidie,Totterdill
192,Verile,Reddell
193,Roland,O'Gaven
194,Cassey,Etherson
195,Berenice,Yurkevich
196,Odie,Stubs
197,Sibeal,Staddom
198,Garnet,Wilfing
199,Darelle,Lapsley
200,Allison,Glanville
201,Doy,Braniff
202,Kendricks,Vivers
203,Kendall,Futter
204,Flem,Domelaw
205,Lesley,Rendle
206,Candis,Dominicacci
207,Ozzie,Pitcock
208,Aili,Gumm
209,Barnabas,Iscowitz
210,Nikos,Petters
211,Quinta,Willoughley
212,Melanie,Dillet
213,Doyle,Tidy
214,Jerrine,Blaze
215,Ingunna,Malt
216,Ingeberg,Barczewski
217,Halette,Croxton
218,Maegan,Hurton
219,Mar,Castillo
220,Paulo,Shubotham
221,Tracey,Trevena
222,Audie,Nicolson
223,Cristine,Fairs
224,Ruby,Montford
225,Shanie,Sherbrook
226,Burton,Portman
227,Vidovic,Brunton
228,Gill,Slessor
229,Rosco,Hiddy
230,Lucienne,Conn
231,Tommi,McQuorkel
232,Hagan,Arnfield
233,Reinaldo,Jaszczak
234,Wynn,Phidgin
235,Renie,Jendricke
236,Pyotr,Carslaw
237,Elle,Fawley
238,Brent,Grafton
239,Clareta,McDonand
240,Dorena,Brunsden
241,Jerrine,Blasgen
242,Clement,Trahearn
243,Maurice,Perillo
244,Bethanne,Bultitude
245,Hagen,McKeran
246,Carlen,Baynon
247,Tull,Chasemore
248,Theo,Tilly
249,Philis,Derrett
250,Aliza,Simmers
251,Alexia,Tidgewell
252,Gardie,Rapaport
253,Netti,Mendenhall
254,Eldon,Dobbins
255,Zarla,Hulle
256,Vincenty,Giggie
257,Elianora,Dunkerton
258,Dinnie,Ikin
259,Barry,Izzett
260,Corene,Banbrick
261,Chen,Feighry
262,Clem,Ritter
263,Sonnie,Bows
264,Cate,Sandyfirth
265,Collette,Connal
266,Scotty,Faulder
267,Ulric,Hendrich
268,Cyndia,Braysher
269,Konrad,Alliberton
270,Celisse,Pozzi
271,Barnie,Grabham
272,Manfred,Mc Carroll
273,Link,Peak
274,Jessalin,Mingay
275,Obadias,Gaish
276,Kayle,Dun
277,Terry,Borlease
278,Vanni,Frankum
279,Gasper,Riden
280,Boy,Bernardt
281,Elliott,Meatcher
282,Garvin,O' Driscoll
283,Lucais,Hugues
284,Reagan,Loyley
285,Binnie,O'Daly
286,Mina,Fursey
287,Lil,Rowsel
288,Jaquelin,Sulley
289,Shurlock,Mackstead
290,Lynelle,Surgeon
291,Seymour,Armytage
292,Eolande,Grealish
293,Dode,Isitt
294,Octavia,Mash
295,Massimo,Pinwill
296,Jason,Braybrooke
297,Stormie,Seefeldt
298,Rorke,Dowd
299,Agneta,Helwig
300,Wainwright,Bresson
301,Orrin,McCreagh
302,Jacqueline,Garrelts
303,Culley,Luquet
304,Jolie,Lunge
305,Clemmie,Dargavel
306,Johannes,Studdert
307,Ignatius,Doohey
308,Filberto,Deftie
309,Reagen,Le Marchant
310,Yardley,Hanway
311,Anita,Gurery
312,Danika,Carlozzi
313,Diane,Cashell
314,Gertruda,Miliffe
315,Obadiah,Sphinxe
316,Barth,Giraux
317,Hailey,Chasemoore
318,Alta,Brimham
319,Hanni,Feavearyear
320,Tracie,O'Hear
321,Nesta,Hardeman
322,Gussi,Snailham
323,Tarrah,Kiloh
324,Doll,Parken
325,Brier,Goomes
326,Antoinette,Kollas
327,Shari,Baudouin
328,Renell,Mallock
329,Fredia,Davidof
330,Barnard,Kindley
331,Jessalin,Sambals
332,Cristabel,Pozzi
333,Ethelin,Barkaway
334,Tierney,Dunning
335,Axel,Locke
336,D'arcy,Kyncl
337,Sauncho,Faughey
338,Yance,Borman
339,Jodie,Yurygyn
340,Hephzibah,Robeiro
341,Aindrea,Piscotti
342,Louise,Butterfill
343,Reta,Ruddle
344,Rinaldo,Littell
345,Chan,Rycraft
346,Jobi,Gocher
347,Irwin,Saddleton
348,Lolly,Birkenshaw
349,Merrile,Garlette
350,Rafael,Chamberlin
351,Yardley,Upcraft
352,Merola,Wiffler
353,Odille,Franek
354,Raeann,Gosalvez
355,Shalom,Biglin
356,Reggie,Reagan
357,Vikki,Rimington
358,Camel,Tarbox
359,Glenda,Messiter
360,Heinrik,Illingworth
361,Dionis,Vasichev
362,Ivett,Strephan
363,Jenda,Freezor
364,Raine,De la Perrelle
365,Dexter,Driver
366,Leigh,Winn
367,Claire,Reoch
368,Kerr,Wainwright
369,Esra,Rispen
370,Saloma,Jaze
371,Damara,Rugge
372,Lorenza,Learmouth
373,Andriana,Corke
374,Emlyn,Keightley
375,Hugo,Splevings
376,Doreen,Scallan
377,Mac,Morden
378,Ferdinande,MacGillicuddy
379,Gabriellia,Manueau
380,Nil,Cowlin
381,Gunther,Cosslett
382,Fallon,Isakovic
383,Nichole,Hodges
384,Lee,Posner
385,Suellen,Sothcott
386,Walden,Darrigrand
387,Penelope,Stanners
388,Raven,Pasek
389,Leona,Kuhnke
390,Hayward,Passo
391,Aimee,MacRanald
392,Batholomew,Venturoli
393,Hayyim,Bredes
394,Joshua,Gosford
395,Jacky,McCurt
396,Trixi,Cobelli
397,Drew,Zaple
398,Marianna,Graalmans
399,Craggie,Guerola
400,Jaquenette,Lowings
401,Nita,Dinwoodie
402,Carmon,Allinson
403,Druci,Perfili
404,Elmira,Prescott
405,Felipe,Lamps
406,Lowrance,Berrey
407,Kendrick,Scaice
408,Henka,Clute
409,Zenia,Churchman
410,Talia,Ambler
411,Kamila,Fanshawe
412,Desiri,Bullen
413,Kellyann,Greenrodd
414,Iris,Sabate
415,Anabal,O' Lone
416,Maridel,Pacquet
417,Gilbertina,Cyseley
418,Ugo,Noriega
419,Marysa,Digle
420,Udall,Ronaldson
421,Donal,Chanter
422,Cull,Finker
423,Gualterio,Pask
424,Kendall,Brummitt
425,Leisha,Polak
426,Tate,Alfuso
427,Annabela,Chominski
428,Annabell,Adderson
429,Hailee,Pidgley
430,Bartolomeo,Baldwin
431,Cynthie,Life
432,Norbert,Ruoss
433,Stesha,Sears
434,Antin,Duley
435,Aura,Brownstein
436,Adriena,Hadlee
437,Udale,Borrowman
438,Carolin,Talman
439,Reginauld,McKechnie
440,Vicky,Dacca
441,Hesther,Symington
442,Nicolette,Plitz
443,Malissa,Capel
444,Franklyn,Wiskar
445,Pennie,Timothy
446,Agretha,Aleksich
447,Barret,Ekkel
448,Faunie,Overell
449,Garrott,Matresse
450,Barnard,Bourley
451,Netti,Asbury
452,Hobie,Leeburne
453,Meta,Partner
454,Kally,Sketcher
455,Veriee,Craw
456,Charmian,Rockall
457,Dall,Riccelli
458,Lek,Abbot
459,Lothaire,Dorow
460,Jaquith,Scarsbrick
461,Winston,Thomen
462,Egan,Durham
463,Luella,Wardington
464,Janenna,Robiou
465,Dougy,Baish
466,Ginnie,Bratton
467,Nadean,Yendle
468,Luci,Yukhnin
469,Jervis,Baum
470,Maridel,Cumbridge
471,Mallory,Sneller
472,Jeni,Ruoss
473,Dominick,MacGibbon
474,Dino,Males
475,Joyce,McAsgill
476,Eleanor,Petersen
477,Gabbi,Screach
478,Marga,Jaggi
479,Myron,Keyme
480,Aldon,Vedenyakin
481,Franny,Tarrant
482,Tamarra,Kehri
483,Wilona,Ricket
484,Adan,Drinkhill
485,Rudy,Owbridge
486,Fleur,Sinnatt
487,Antonino,Breckell
488,Spenser,Tatum
489,Paulina,Bennough
490,Biddy,Penwright
491,Aurlie,Bodman
492,Fabio,Riddler
493,Mary,Wagnerin
494,Neal,Novello
495,Sonnie,Augustus
496,Kiersten,Biasioli
497,Cyb,Cappel
498,Lindy,Lethbrig
499,Timmy,Delnevo
500,Krishna,Zanre
501,Tessi,Shawley
502,Billi,Camsey
503,Colly,Prudence
504,Stacy,Abramovic
505,Jami,Simnel
506,Brandyn,Bridson
507,Marlee,Apps
508,Upton,Haugh
509,Corie,Tripean
510,Ulla,Byres
511,Alfy,Bredee
512,Amandie,Gallardo
513,Keir,Hercock
514,Gerri,Vergo
515,Bria,Dunrige
516,Jinny,Mapowder
517,Roberta,Panons
518,Nicola,Verlinde
519,Harbert,Ince
520,Manfred,Turley
521,Holly,Nicholl
522,Sheila,Jozwicki
523,Madlen,Gleed
524,Christi,Lantuff
525,Nettle,Lawden
526,Samaria,Antonetti
527,Noami,Rumens
528,Chrissy,Vinnick
529,Ansell,Sarjeant
530,Crosby,Ellerman
531,Douglass,Thorns
532,Lorena,McLenahan
533,Artie,Voden
534,Hansiain,Llop
535,Kris,Clowser
536,Lawrence,Iseton
537,Jameson,Handrick
538,Caroljean,Chancelier
539,Rickie,Houseman
540,Cahra,Chamley
541,Thomasina,Vaud
542,Lilla,Joskovitch
543,Jessa,Scripture
544,Robinet,Siflet
545,Modestine,Skurm
546,Cherin,Cassie
547,Olive,Macoun
548,Lancelot,Maulden
549,Wyatt,Embra
550,Agathe,Josefer
551,Saul,Matyasik
552,George,Woofenden
553,Fey,Bromont
554,Kathi,Geard
555,Roth,Swanton
556,Frannie,Tallet
557,Murray,Annion
558,Roth,Maryet
559,Ward,Bromfield
560,Sydney,Bolletti
561,Gilberta,Swadling
562,Raul,Woodrooffe
563,Borg,Morefield
564,Nathalie,Wisdom
565,Hart,Darrigoe
566,Alleen,Dwelley
567,Corina,Huffer
568,Myrvyn,Monckton
569,Saundra,Osmon
570,Odella,McRobb
571,Lucienne,Agron
572,Alberik,Thormwell
573,Thornie,Brocks
574,Bell,Foxen
575,Blythe,Daffey
576,Corenda,Takis
577,Silva,Finnigan
578,Thurston,Heeney
579,Keir,Samme
580,Lou,Fawloe
581,Zena,Hassard
582,Siobhan,Deniskevich
583,Elias,Philson
584,Huntley,Pavlasek
585,Emmey,Doby
586,Cyb,Ruperto
587,Lizzy,Wyche
588,Hesther,Geri
589,Krishna,Strelitzer
590,Ericka,Brundrett
591,Randa,Knight
592,Mitzi,Forseith
593,Ibbie,Carlan
594,Sigismund,Simkiss
595,Tremayne,Kennermann
596,Joyous,Klaessen
597,Karoly,Wholesworth
598,Tanny,McGillreich
599,Ann-marie,Pennetti
600,Rosemary,Tire
601,Merwin,Skittreal
602,Dorette,Landsbury
603,Ruprecht,Danis
604,Nikoletta,Halbord
605,Tonye,Roizin
606,Garold,Dey
607,Tierney,Canete
608,Tod,Lesor
609,Roxanne,Higgen
610,Teri,Tibald
611,Godfry,Mulkerrins
612,Coraline,Bendle
613,Nils,Staves
614,Cynthea,Midlar
615,Iris,Boothby
616,Darda,Sefton
617,Kare,Minkin
618,Jewel,Erik
619,Baxy,Scotney
620,Eden,Cornillot
621,Kyrstin,Yalden
622,Troy,Swadden
623,Nichol,Marchenko
624,Wilfrid,Hartas
625,Dulcia,Walker
626,Jerome,Ivimey
627,Algernon,Jumont
628,Jenny,Gladtbach
629,Emmy,Wight
630,Sybil,Brosh
631,Bryon,Greenalf
632,Tildy,Kilkenny
633,Brittni,Cereceres
634,Powell,Ellesworth
635,Gretal,Hantusch
636,Moyra,Durgan
637,Shandra,Payn
638,Kimbell,Killock
639,Brinna,Furphy
640,Joseph,Mealham
641,Krystyna,Gariff
642,Roddie,Mixon
643,Errol,Dalla
644,Cindi,Beranek
645,Benn,Goulstone
646,Yankee,O'Sullivan
647,Theressa,Jakab
648,Rob,Driscoll
649,Hanan,Kemery
650,Hilliard,Lagen
651,Zach,Goult
652,Robbin,Groveham
653,Dominic,Charlwood
654,Lexie,Leverentz
655,Norrie,Stollsteimer
656,Sergei,Collidge
657,Rachel,Seviour
658,Jilly,Snooks
659,Jaime,Livingstone
660,Frederic,Tuckett
661,Cordie,Jacquemet
662,Jena,Scoone
663,Gardner,Ather
664,Ernie,Harry
665,Glenn,Simmank
666,Jeanelle,Flew
667,Jake,Goodluck
668,Kennan,Marc
669,Marcie,Antalffy
670,Gusella,MacCurtain
671,Romy,Ricciardello
672,Pearla,Jarmyn
673,Aggie,Trobe
674,Oriana,Challener
675,Remus,Kleis
676,Jaime,Roarty
677,Cherlyn,Kopps
678,Pearce,Keiley
679,Chickie,Soppit
680,Camel,Cases
681,Antonino,Eakly
682,Natassia,Ivell
683,Lura,Maudlen
684,Consalve,Curner
685,Frederigo,Mains
686,Baily,Warrender
687,Elene,Emeny
688,Avril,Sainte Paul
689,Veda,Danilowicz
690,Enrichetta,Beadon
691,Aloysius,Spooner
692,Carri,Dearle
693,Pet,Mocker
694,Maxie,Jacquemet
695,Augustus,Scrimgeour
696,Blondie,Mixter
697,Reid,Gravie
698,Jacquenette,Littlekit
699,Courtnay,Gresley
700,Harbert,Bellringer
701,Dion,Orbine
702,Raphaela,Ackred
703,Ody,McAllan
704,Gilberte,Chalfant
705,Novelia,Thurstan
706,Rancell,Agutter
707,Rosabelle,Weild
708,Trix,Hammonds
709,Bear,Dobrowolski
710,Milissent,Jorin
711,Jolynn,Gagan
712,Chiquia,Duchan
713,Gauthier,Collingwood
714,Niels,Gledhill
715,Ranna,Matusovsky
716,Kayne,Oret
717,Conan,Friend
718,Sheeree,Jensen
719,Carlo,Tincombe
720,Lorraine,Shirlaw
721,Gigi,Jiri
722,Maribeth,Lyvon
723,Gaspard,Oughton
724,Joellyn,Wedgbrow
725,Calv,Pillington
726,Corbet,D'Agostini
727,Kahaleel,Kleynermans
728,Luise,Ollett
729,Clayson,Broady
730,Jocelyn,Rocks
731,Obediah,Slowgrove
732,Daisie,Battle
733,Miller,Powe
734,Zacharie,Fierman
735,Hildagard,Sheron
736,Aldus,Mossman
737,Emilia,Nuzzetti
738,Constantine,Kamena
739,Ashlee,Cusick
740,Ferdy,Bride
741,Dirk,Niccols
742,Gardner,Rate
743,Rosabel,Younger
744,Yolane,Wace
745,Regina,Taynton
746,Bronson,MacGahy
747,Tabatha,McNickle
748,Verine,Ketch
749,Eduard,Vanetti
750,Enid,Sewter
751,Birgitta,Melody
752,Tiphany,Tevlin
753,Virginia,Berk
754,Rasia,Tabbernor
755,Larina,Belshaw
756,Peyter,Statersfield
757,Kristopher,Theunissen
758,Erena,Burnham
759,Monah,MacCague
760,Eveline,Rockliffe
761,Dorrie,Dymock
762,Kayne,Weatherby
763,Rick,Donke
764,Linet,Debow
765,Nollie,Maccree
766,Doris,Kaiser
767,Barbey,Parkinson
768,Montague,Povele
769,Ethan,Rigard
770,Diahann,Halesworth
771,Una,Farington
772,Mamie,Doppler
773,Milo,Phillipp
774,Velvet,Brunotti
775,Didi,Goundrill
776,Dunstan,Gatman
777,Francisca,Jobke
778,Ilise,Karle
779,Peterus,Runchman
780,Laurianne,Derkes
781,Lana,Brantzen
782,Caryn,Avramovitz
783,Filmer,Keford
784,Carina,Dearth
785,Maynord,Bosomworth
786,Ethyl,Kiledal
787,Mehetabel,Carnell
788,Alyssa,McCadden
789,Susanetta,Pamplin
790,Jewel,Lye
791,Carmita,Janson
792,Edgardo,Cucuzza
793,Kaycee,Spurman
794,Carolyn,Cunliffe
795,Godfry,Denison
796,Raine,Banke
797,Saree,Sunners
798,Karrie,Bearn
799,Heriberto,Harcombe
800,Avis,McKea
801,Artemis,Randales
802,Coral,Flacke
803,Katina,Thurlby
804,Irita,Byard
805,Katti,Milkins
806,Bone,Theodoris
807,Felicity,Gammett
808,Terencio,Dusting
809,Kellina,Clemmens
810,Uriah,Robottham
811,Patrizio,Kristoffersson
812,Graham,Dacres
813,Teodorico,Hugonin
814,Shellysheldon,Pointing
815,Meade,Pammenter
816,Dionysus,Cripps
817,Cherianne,Mealham
818,Lem,Ebbin
819,Henri,Rowntree
820,Willem,McLernon
821,Merry,Beat
822,Alonzo,Haines
823,Morgun,Pennaman
824,Ginnie,Martschke
825,Adelice,Willshire
826,Nesta,Bartomieu
827,Terence,Bullman
828,Gratia,Prosser
829,Ariel,Creamen
830,Stanly,Hemeret
831,Agnella,Demer
832,Jessey,Meffen
833,Casar,Wilkin
834,Kassi,Windows
835,Ethelyn,Maunsell
836,Ann-marie,Margarson
837,Darrick,Balmer
838,Raphaela,Statefield
839,Ariel,Glide
840,Lana,Gowdy
841,Cal,Farfalameev
842,Renaud,Bugdale
843,Lissi,Gawn
844,Aprilette,Dubarry
845,Othilia,Fullerlove
846,Teodorico,Norbury
847,Ilysa,Muat
848,Orsa,Bloor
849,Skyler,Goodison
850,Domenico,Tolley
851,Patrica,Robins
852,Mason,Malacrida
853,Clayborne,Parnell
854,Felice,Brumbye
855,Mattie,Hamlet
856,Dagny,Abotson
857,Hillary,Sivior
858,Zara,Tynewell
859,Indira,Rasher
860,Jeffy,Arends
861,Neils,Butrimovich
862,Mordecai,Lightwing
863,Lilas,Coning
864,Odessa,Iremonger
865,Isabeau,Drinkhall
866,Hector,Headings
867,Leicester,Westhofer
868,Abigail,McKall
869,Neely,Boissieux
870,Hertha,Thorburn
871,Nap,Jozaitis
872,Baudoin,Conaghy
873,Meara,Grain
874,Keeley,MacKellen
875,Drusy,Peeke-Vout
876,Wiley,Abelevitz
877,Ingaberg,Rubinovici
878,Atlante,Blakeley
879,Stevie,Budget
880,Samuel,Dabney
881,Angy,Hun
882,Allan,Franzini
883,Gordon,Haysar
884,Angeline,Cannaway
885,Kora,Gallard
886,Marshal,Schankelborg
887,Fraser,Reuther
888,Barron,Drinkwater
889,Sherwynd,Parkyns
890,Arabele,Marusik
891,Laughton,McCullen
892,Brit,Denty
893,Marjie,Hellens
894,Joleen,Wigglesworth
895,Nike,Synnott
896,Eli,Vermer
897,Irma,Arntzen
898,Cosmo,Rogliero
899,Grover,Stout
900,Sindee,Fydoe
901,Ganny,Grinley
902,Sebastiano,Mower
903,Roze,McTeer
904,Becka,Gregan
905,Hamel,Finley
906,Joyan,Follows
907,Pyotr,Goodier
908,Lissie,Parnaby
909,Nerty,Bark
910,Fawne,Bispham
911,Sunny,Ricarde
912,Robinson,Grimditch
913,Adriana,Alderwick
914,Tracie,Shellum
915,Herold,Eberdt
916,Homer,Bendixen
917,Colly,Lownes
918,Husein,Assiratti
919,Carver,Renon
920,Clarissa,Kimberley
921,Gabie,Sprull
922,Carmela,Bremeyer
923,Zacharie,Jorck
924,Jens,Cocker
925,Phineas,Petteford
926,Donnamarie,Greiswood
927,Pansie,Van der Krui
928,Bunni,Greenin
929,Aida,Beric
930,Jedd,Jerrand
931,Donavon,Ivantyev
932,Marshal,Dowding
933,Bartolomeo,Gersam
934,Ernestus,Beek
935,Earlie,Roja
936,Anette,Lewzey
937,Dolly,Emsley
938,Cammy,Di Angelo
939,Aurel,Bunner
940,Oriana,Broadstock
941,Maje,Wakelin
942,Alick,Gorner
943,Iorgo,McGonagle
944,Shell,Staniland
945,Otho,Durrell
946,Nikola,Zanolli
947,Charlie,Dommett
948,Bald,Mattersley
949,Basilio,Schoenrock
950,Yalonda,Bagnall
951,Benedetta,Bunn
952,Kyrstin,Janowski
953,Marika,Simkins
954,Oralle,Gallyhaock
955,Chaddie,Kardos-Stowe
956,Palmer,Fishenden
957,Philip,Cobby
958,Reine,Bartlomiejczyk
959,Debee,Killiam
960,Orly,Bauser
961,Geoffrey,Lutsch
962,Desiree,Do Rosario
963,Paige,Gilyott
964,Dimitri,Hulson
965,Joyann,Feyer
966,Jobye,Bedinham
967,Forster,Klulisek
968,Yolanthe,Theakston
969,Tobie,Callery
970,Stanfield,Sprason
971,Silvana,Brehault
972,Demott,Marriot
973,Wylma,Whittle
974,Granville,Bonnyson
975,Barth,Dibben
976,Fleming,Gladdolph
977,Arlinda,Rayson
978,Cordell,Harrinson
979,Maible,Girton
980,Anne,Braddon
981,Shanda,Rabidge
982,Helaina,Soff
983,Ruth,Cappel
984,Trisha,Coleson
985,Dulci,Collicott
986,Drusie,Haveline
987,Gustave,Liell
988,Amandie,Jaye
989,Eamon,Lehrahan
990,Bernadene,Mansbridge
991,Philip,McCaw
992,Alfie,McKinless
993,Elsey,Rummings
994,Rodi,Jacox
995,Sigismond,Simson
996,Dionisio,Paffett
997,Conny,Hopewell
998,Chaddie,Kay
999,Rriocard,O'Hannay
1000,Thayne,Kilroy
