id,first_name,last_name,university
1,Jolyn,Gonning,*Chowan College*
2,Chiquita,Hollibone,*Northcentral University*
3,Edythe,Lippiello,*Universidad Tecnológica de Honduras*
4,Karoly,Pasmore,*Hanoi University of Science*
5,Obadiah,O'Glessane,*Kahramanmaras Sütcü Imam University*
6,Delmore,Mayman,*Ohio University - Southern*
7,Anna-diane,Fearnyough,*Mamasani University of Technology*
8,Ives,Mulrooney,*Sterling College*
9,Abra,Rouse,*Moraine Valley Community College*
10,Bobbette,Wilkisson,*Université de Mahajanga*
11,Jo,Mauditt,*University of Trnava*
12,Jone,Ivanishev,*Smolensk State Medical Academy*
13,Clementine,Durtnall,*Université de Ouagadougou*
14,Christie,Flindall,*Hodges University*
15,Kaylee,Cardero,*Standford University*
16,Frances,Jamson,*Miles College*
17,Lethia,Digges,*Ecole Supérieure d'Ingénieurs de Marseille*
18,Stanislaus,Kinde,*Beijing University of Posts and Telecommunications*
19,Arluene,Ligerton,*Moshi University College of Cooperative and Business Studies*
20,Albertine,Applewhaite,*Bashkir State University*
21,Katuscha,Coppins,*Universidade de Taubaté*
22,Donelle,Munnis,*Griffith University*
23,Reeva,Stillmann,*Bates College*
24,Stormi,Lain,*Somaliland University of Technology*
25,Maire,Giroldo,*Universidad Tecnológica de los Andes de Apurímac*
26,Willi,Chatenet,*St. George's University*
27,Lavinie,Trousdell,*Tokyo College of Music*
28,Quinton,Greystoke,*University of Jazeera*
29,Jodie,Shedden,*Universidade de Mogi das Cruzes*
30,Emmie,Looker,*University of the Visual & Performing Arts*
31,Don,Waine,*Ecole Supérieure de Commerce de Pau*
32,Roanne,Cartlidge,*Panjab University*
33,Iorgos,Sunley,*Precarpathian University*
34,Marsiella,Smewin,*Fuji University*
35,Yoko,Goulbourne,*Our Lady of Holy Cross College*
36,Alethea,Van Der Weedenburg,*University of Southern Queensland*
37,Heall,McDermid,*King's College*
38,Kylie,Franken,*University of Wisconsin - Stout*
39,Bail,Guillem,*Gollis University*
40,Leisha,Blakemore,*Jordan Academy of Music / Higher Institute of Music*
41,Kimmie,MacCague,*University of Veterinary Medicine in Kosice*
42,Blake,Pounds,*Medical Academy Karol Marcinkowski in Poznan*
43,Axe,Eves,*Kyunghee University*
44,Norbie,Willett,*Ecole Supérieure de Commerce de Clermont-Ferrand*
45,Donny,Brayshay,*Grand Canyon University*
46,Cathie,Wasielewski,"*Universidad Argentina ""John F. Kennedy""*"
47,Elsy,Tomkinson,*Pädagogische Hochschule Weingarten*
48,Margit,Moen,*Université de la Manouba*
49,Leela,Woolbrook,*Tokyo Medical College*
50,Elia,Pottinger,*Baika Women's College*
51,Tori,Diperaus,*L'Université de l'Entreprise*
52,Berky,Letteresse,*Université d'Antananarivo*
53,Nathalia,Giacubo,*Houston Baptist University*
54,Francesca,McAlister,*University of Agriculture Faisalabad*
55,Sax,Diloway,*Institute of Business Administration (IBA)*
56,Xenia,Martinets,*Shinawatra University*
57,Vickie,Mazzey,*University of Texas Pan American*
58,Daloris,Card,*Lake Forest Graduate School of Management*
59,Junette,Stout,*Arkansas Tech University*
60,Hilarius,Buss,*Wolaita Sodo University*
61,Marget,Piwall,*Salem International University*
62,Querida,Wressell,*Poznan School of Banking*
63,Derrick,Evemy,*Cumberland College*
64,Anny,O'Downe,*Ateneo de Zamboanga University*
65,Quintus,Hughson,*Universidad de Alicante*
66,Diane,McGregor,*Sejong University*
67,Sara-ann,Piser,*University of North West*
68,Osbert,Yandle,*Taipei Medical College*
69,Arley,Churcher,*University of Tasmania*
70,Mitchel,Reeman,*Takhar University*
71,Alyda,Rudram,"*University of Dublin, Trinity College*"
72,Shaylyn,Ebourne,*Open University*
73,Pebrook,Reuter,*Divine Word University*
74,Arleyne,Jasik,*Tianjin University of Technology*
75,Tanney,Laroux,*North South University*
76,Lanae,Bethel,*Universidad Nacional de La Matanza*
77,Gare,Dulanty,*Slobomir P Univerzitet*
78,Tracee,Heberden,*Universidad Nacional Pedro Ruíz Gallo*
79,Seward,Laister,*St. Marianna University School of Medicine*
80,Beverly,Dunsmuir,*Prince Mohammad Bin Fahd University*
81,Antony,McGeraghty,*Universidad Nacional de San Luis*
82,Mina,Housecroft,*Koshien University*
83,Rozelle,Loxdale,*Ecole Spéciale des Travaux Publics du Bâtiment et de l'Industrie*
84,Vina,MacLaren,*Qassim Private College*
85,Hilliard,Dobbins,*Chuvash State University*
86,Sergei,Burges,*Université des Antilles et de la Guyane*
87,Anton,Marle,*E.A.P. Europäische Wirtschaftshochschule Berlin*
88,Hoyt,Jeppensen,*Al Imam Al-Ouzai University*
89,Jaynell,Tutchings,*Universidade Federal do Rio de Janeiro*
90,Spense,Earland,*ICI University*
91,Woody,Blizard,*Wesley University of Science and Technology*
92,Arvy,Petrasek,*Iniciativa Universidad del Atlantico*
93,Giulia,Furby,*Kazan State Pedagogical University*
94,Jesse,Mattiello,*Rissho University*
95,Kippy,Fancett,*Saga University*
96,Corrine,Shuker,"*Davenport College of Business, Grand Rapids*"
97,Kermie,Brundill,*Kentucky Wesleyan College*
98,Lyndsie,Iwaszkiewicz,*Universidad Católica de Córdoba*
99,Bunnie,Yitzhok,*TPM College*
100,Katerina,Haliburton,*Dr. Ram Manohar Lohia Avadh University*
101,Selie,Betancourt,"*Universidad de Puerto Rico, Carolina*"
102,Mycah,Cheatle,*Merlimau Polytechnic*
103,Lorettalorna,Ruske,*Bahcesehir University*
104,Horace,Cooch,*Universidade do Rio Grande*
105,Hollie,Matissoff,*Ghazni University*
106,Abbie,Portugal,*Ecole Nationale de la Statistique et de l'Analyse de l'information*
107,Rivkah,Pinnegar,*Madawalabu University*
108,Barbabra,Whitter,*Ecole Nationale Supérieure des Mines de Douai*
109,Holt,Warden,*Buckinghamshire New University*
110,Davine,Ricket,*Universidad Catolica del Maule*
111,Brion,Le Brum,*Brandon University*
112,Durward,Dando,*Maryville College*
113,Mariam,Sircomb,*Jadavpur University*
114,Gorden,Eloi,*Ecole Supérieure de Commerce de Brest*
115,Crysta,Steade,*Shanghai University of Traditional Chinese Medicine and Pharmacology*
116,Sibylla,Guislin,*Tajik Agrarian University*
117,Melita,Dyott,*Newports Institute of Communication & Economics*
118,Nikolaus,Lorriman,*Tokushima University*
119,Silvia,Allabush,*University of Kashmir*
120,Charlene,Lambswood,*Yildiz Technical University*
121,Baird,Chatin,*Sejong University*
122,Loydie,Jiggins,*Oriental University*
123,Alene,Kalinowsky,*Western Delta University*
124,Belicia,Whilder,*Northern Jiaotong University*
125,Elora,Huckel,*Foundation University*
126,Allis,Plom,*Vinoba Bhave University*
127,Karl,Rilings,*Taiz University*
128,Reinold,Wemm,*Marymount University*
129,Halie,Beteriss,*Chu Hai College*
130,Dena,Frickey,*Facultés Universitaires Notre-Dame de la Paix*
131,Sheeree,Hazelby,*Yantai University*
132,Zebedee,Olligan,*Kazan State University*
133,Rubia,Creak,*Baker College of Owosso*
134,Yelena,Vallentin,*Tokai University Educational System*
135,Fanechka,Gymlett,*Prince Sultan University*
136,Sybilla,Hampton,"*St. Francis College, Loretto*"
137,Ailina,Imloch,*Western State College*
138,Joye,Astlatt,*Jaypee Institute of Information Technology*
139,Laverna,Liddyard,*Fachhochschule für Wirtschaft Berlin*
140,Borden,Pruvost,*Nizhny Novgorod State University*
141,Linoel,Levy,*Jahangirnagar University*
142,Bondy,Fonteyne,*Kiriri Womens University of Science and Technology*
143,Nessy,Ainsworth,*Drexel University*
144,Mirna,Ganiford,*Universidad Dr. Rafael Belloso Chacín*
145,Halsey,Downs,*University of Oklahoma Health Sciences Center*
146,Philippa,Szymoni,*Shaqra University*
147,Dill,Ashfull,*Baikal National University of Economics and Law*
148,Daryl,Laviste,*Jikei University School of Medicine*
149,Onfre,Dannett,*University of Texas at Brownsville*
150,Jedd,Kinchlea,*Pacific Adventist University*
151,Natale,Whybrow,*University of Dallas*
152,Emery,Whitford,"*Universidad Pedagógica Nacional, Unidad León*"
153,Ced,Perotti,*Rheinisch Westfälische Technische Hochschule Aachen*
154,Mohammed,Lattin,*Universidade Gama Filho*
155,Renata,Aspinwall,*Dubai Medical College for Girls*
156,Wendell,D'Antonio,*Carleton University*
157,Kriste,Assad,*Debre Markos University*
158,Micky,Dilon,*Escuela Politécnica del Ejercito*
159,Ailyn,Bartoloma,"*Academy of Arts ""George Enescu"" Iasi*"
160,Chrysler,Renals,*Universidad de la Cuenca del Plata*
161,Connie,Burtonshaw,*Universidad José Cecilio del Valle*
162,Georgena,Grushin,*Pontifícia Universidade Católica de Campinas*
163,Marci,Trustey,*Universitat de Barcelona*
164,Kimmi,Mylan,*Southwest University of Nationalities*
165,Geoffry,Yousef,*Sido Kanhu Murmu University*
166,Tabby,Meuse,*St. Petersburg State University of Economics and Finance*
167,Edythe,Spiers,*Military academy of Lithuania*
168,Katie,Yuryichev,*University of Hydraulic Electric Engineering*
169,Keary,Glavis,*Universidad del Norte*
170,Dallis,Tanser,*University of Agriculture and Veterinary Medicine Timisoara*
171,Kurt,Tingle,*Hankyong National University*
172,Bret,Wanjek,*Ludwig-Maximilians-Universität München*
173,Helge,Long,*University of Oxford*
174,Wake,Hassen,*Universidad Popular de Nicaragua (UPONIC)*
175,Opal,McKnockiter,*Shanghai Lida Polytechnic Institute*
176,Merilee,Ruller,*Dar Al-Uloom Colleges*
177,Kimbra,MacTimpany,*Kota Bharu Polytechnic*
178,Korey,Guwer,*Fudan University*
179,Jarad,Pope,*Emmanuel College Georgia*
180,Leeland,McIlrath,*Universidade Católica de Brasília*
181,Reamonn,Ainger,*Universität Köln*
182,Inger,Ferschke,*Midwestern University*
183,Konstanze,Brower,*University of Information Technology & Sciences*
184,Thatch,Blune,*Universidad Particular Inca Garcilaso de la Vega*
185,Archer,Pexton,*New York Institute of Technology*
186,Ingelbert,Rean,*Universität Innsbruck*
187,Constantin,Rojel,*Yasuda Women's University*
188,Julina,Jandera,*State University of New York (SUNY)*
189,Gus,Hoodlass,*Technical University of Szczecin*
190,Violet,Fawssett,*Kyrgyz Russian Slavic University*
191,Efrem,Sansbury,*Technical University of Gabrovo*
192,Raul,Kops,*Kolej Universiti Insaniah*
193,Davey,Izat,*York University*
194,Leshia,Barney,*Rani Durgavati University*
195,Bartlet,O'Dunniom,*Zawiya Academy*
196,Francesco,Guppie,*University of Zululand*
197,Maurits,Snoddy,*University of Phoenix*
198,Theodora,Angeau,*Polytechnic University of Tirane*
199,Marlie,Bartaletti,"*St. Petersburg State University of Information Technologies, Mechanics and Optics*"
200,Karolina,Yegorchenkov,*Charles Darwin University*
201,Had,Dimitriades,*Guangdong University of Foreign Studies*
202,Emilee,Bielfeld,*Japan College of Social Work*
203,Maximilian,Laudham,*University of Ibadan*
204,Marlo,Courtes,*Institute of Business and Politics*
205,Regan,Bermingham,*Loyola University of Chicago*
206,Eleanora,Alldis,*Fountain University*
207,Courtney,Chatenier,*Yanbian University*
208,Gallagher,Gregson,*Midwestern University*
209,Sayre,Silberschatz,*Conestoga College*
210,Kevon,Pittway,*Chodang University*
211,Franciska,Alliott,*Universidad Nuestra Senora de La Paz*
212,Franciskus,Gianiello,*Technological University (Loikaw)*
213,Fanni,Fitchett,*Emory University*
214,Douglass,Aiskrigg,*Tottori University*
215,Lissy,Gianolini,*Fachhochschule Köln*
216,Brody,Stickins,*Universidad Técnica de Machala*
217,Gwen,Higford,*Fundacion Escuela Colombiana de Rehabiliación*
218,Estrella,Ivantyev,*Universitas Negeri Makassar*
219,Shena,Birkwood,*Universidad de Lima*
220,Emilee,Sargeant,*Yaroslavl International University of Business and New Technologies*
221,Leoine,Cavey,*Yashawantrao Chavan Maharashtra Open University*
222,Cinderella,Laraway,*Universitas Indonesia*
223,Gualterio,Anderson,*Marist College*
224,Sidney,Brydell,*Austin Community College*
225,Vinnie,Finlay,*Universitas 17 Agustus 1945 Semarang*
226,Raleigh,Philipeaux,*Bayan College for Science & Technology*
227,Pedro,Kingswold,*Augustana Hochschule Neuendettelsau*
228,Charmaine,Velden,*Mennonite College of Nursing*
229,Nicolas,Mordan,*Hendrix College*
230,Blisse,Arnfield,*St. Paul's College*
231,Sibley,Lydall,*Ecole pour les Etudes et la Recherche en Informatique et Electronique*
232,Roby,Waitland,*Katholieke Universiteit Brussel*
233,Wenda,Beggio,*Sacred Heart University*
234,Fairleigh,Banes,*Advance Tertiary College*
235,Maurits,Halliburton,*Okinawa University*
236,Darbie,Winkett,*Radboud University of Nijmegen*
237,Daisey,Bish,*University of Mobile*
238,Dalt,Craigmyle,*Northwest Polytechnical University Xi'an*
239,Cybil,Stonary,*Stenden University*
240,Janka,Wickersley,*Daffodil International University*
241,Ches,Cluse,*Emerson College*
242,Florrie,Crix,*Okinawa International University*
243,Darda,Van Son,*University of Applied Sciences of Moldova*
244,Silvio,Prime,"*Webster University, Thailand*"
245,Thaxter,Scarr,*Pharos International University*
246,Oneida,Hunnable,*Cambodia University of Specialties*
247,Susette,Sang,*Institut Sains dan Teknologi Al Kamal*
248,Ardenia,Strafen,*Université de Toulouse-le-Mirail (Toulouse II)*
249,Luciana,Vezey,*Université de Perpignan*
250,Jeanette,Seater,*Southeastern University*
251,Vassily,Blakeborough,*Gdansk Management College*
252,Marisa,Turnpenny,*Internationale Fachhochschule Bad Honnef*
253,Alonzo,Ennals,*Maharshi Dayanand Sarswati University Ajmer*
254,Antoinette,Stiggers,*Greenheart Medical School*
255,Taite,Mathe,*Slippery Rock University*
256,Ranice,Brockie,*University of Glamorgan*
257,Eugen,Rolls,*Universidade de Alfenas*
258,Virgie,Calken,*University of Balochistan*
259,Dorisa,Carress,*Technological University (Banmaw)*
260,Shelba,Bordes,*Oklahoma City University*
261,Jethro,Bickerstasse,*Pennsylvania State University - Abington*
262,Aliza,Mosey,*Kitakyushu University*
263,Bernadette,O'Heyne,*Universidad de Cantabria*
264,Dermot,Poyntz,*Plekhanov Russian Academy of Economics*
265,Batholomew,Mohammad,*Universidade Federal do Espírito Santo*
266,Tory,Keat,*University of Fiji*
267,Celia,Yeabsley,"*Birla Institute of Technology, Ranchi*"
268,Dian,Fairest,*Nagaland University*
269,Alphonse,Mc Caughen,*Anambra State University of Science and Technology*
270,Addison,Floyde,*Universidad Capitain General Gerardo Barrios*
271,Lanie,Hansemann,*Polytechnic Institute of Milan*
272,Selby,Lathaye,*University of Bohol*
273,Morena,Bertie,*State University of New York College at Purchase*
274,Massimiliano,Ellar,*Beijing Forestry University*
275,Clayborn,Millan,*School of Design and Crafts*
276,Iver,Tym,*Universidad de Cádiz*
277,Monro,Reavell,*Linköping University*
278,Rafaellle,Harcarse,*University of Hartford*
279,Dahlia,Launchbury,*Bratsk State Technical University*
280,Luca,Readitt,"*Rasmussen College, North Dakota Campuses*"
281,Kinsley,Titterell,*Benue State University*
282,Marietta,Borrell,*Potti Sreeramulu Telugu University*
283,Tatum,Cresser,*Salem State College*
284,Monique,Braam,*Knowledge College for Science and Technology*
285,Glyn,Roumier,*Middlebury College*
286,Jenna,Nitto,*Tokushima University*
287,Rory,Matic,*Western Baptist College*
288,Meggi,Mallock,*Universität Augsburg*
289,Giacopo,Niemetz,*Mercy College*
290,Wilfrid,Buckett,*Latvian Academy of Arts*
291,Lyssa,Sprackling,*University of Lagos*
292,Ree,Kurt,*TaiChung Healthcare and Management University*
293,Noella,Zorzin,"*City University of New York, School of Law at Queens College*"
294,Rachelle,Samuel,*American World University*
295,Jany,Merigon,"*Islamic Azad University, Hamedan*"
296,Milton,Sucre,*Maryville University of St. Louis*
297,Robinson,Poland,*Internationle Akademie für Philosophie*
298,Wilona,Wordington,*Adamawa State University*
299,Linnie,Arthey,*Institut Catholique de Paris*
300,Maressa,Guise,*Perm State Pedagogical University*
301,Stesha,Iskov,*Ecole Nationale de la Statistique et de l'Analyse de l'information*
302,Druci,O' Byrne,*Victoria University*
303,Laurene,Macci,*Universidad Privada Boliviana*
304,Roanna,Hinemoor,"*Fachhochschule Kempten, Hochschule für Technik und Wirtschaft*"
305,Poppy,Clavey,*Widener University*
306,Frederick,McKune,*Delta International University*
307,Tomas,Storrar,*Ho Chi Minh City University of Social Sciences and Humanities*
308,Laurena,Faithfull,*Shiga University of Medical Science*
309,Hynda,Stebbings,*University of Mindanao*
310,Annecorinne,Crowd,*Skidmore College*
311,Matti,Pedrozzi,*Harvey Mudd College*
312,Celie,Jager,*Calvary Bible College*
313,Hans,Bemrose,*Virtual University of Pakistan*
314,Reine,Hains,*Al-Wataniya Private University*
315,Ryun,Surgood,"*Newcastle University, Medicine Malaysia *"
316,Ibbie,Jee,*Stockholm School of Economics*
317,Pauletta,Rraundl,*Fachhochschule Kaiserslautern*
318,Sammie,Keymer,*Botho University*
319,Zoe,Lowerson,*Hokkaido University of Health Sciences*
320,Gavra,Fawdery,*Southern Wesleyan University*
321,Ambrosius,Colbourn,*Salam University*
322,Alfonse,Shorto,*Mazandaran University of Medical Science*
323,Ottilie,Crossland,*Fatima mata national college kollam kerala*
324,Manfred,Kinnin,*University of Tehran*
325,Caryn,Fotheringham,"*National American University, Sioux Falls*"
326,Devin,Tilburn,*Technological University (Taunggyi)*
327,Russell,Stonary,*Technological Education Institute of Piraeus*
328,Mona,Valentinuzzi,*University School of Physical Education*
329,Inglis,Muldownie,*Nayanova University*
330,Nichole,Halliburton,*Pontifícia Universidade Católica de Minas Gerais*
331,Gabrielle,Schuh,"*Begum Rokeya University, Rangpur*"
332,Winonah,Welford,*Karolinska Institute Stockholm*
333,Cherin,MacGilmartin,"*Victoria University Toronto, University of Toronto*"
334,Dale,Dobrovsky,*Universidad de San Pablo CEU*
335,Jillie,Alelsandrovich,*British Malaysian Institute*
336,Sheilah,Claypoole,*Universidad Rural de Guatemala*
337,Boy,Emloch,*Université d'Alger*
338,Anneliese,McAnulty,*James Cook University of North Queensland*
339,Berky,Fries,*Chongju University*
340,Conan,Barajas,*Universidad Alfonso X El Sabio*
341,Maurise,Guinane,*Universidade do Estado do Rio de Janeiro*
342,Hallsy,Normanton,*Boston University*
343,Gretel,Panther,*State University of New York Maritime College*
344,Aylmar,Eveling,*National University of Shipbuilding*
345,Nevil,Lathey,*Universidad Señor de Sipán*
346,Victor,Chifney,*Technological Education Institute of Kalamata*
347,Reagan,Oswald,*Ulyanovsk State University*
348,Merle,Buckie,*Universität Hamburg*
349,Sal,Oloman,*Universidad Nacional de Río Cuarto*
350,Jami,Guiso,*University Institute of Architecture Venice*
351,Skyler,Ellins,*Pennsylvania State University Great Valley*
352,Lorelei,Woollard,*Technikum Wien*
353,Adolphe,De Mico,*Lagos State Polytechnic*
354,Caleb,Divill,*Fachhochschule des Mittelstandes (FHM)*
355,Ximenes,Barkhouse,*University of Southern Europe (Monaco Business School)*
356,Giacomo,Barthelet,*University of Newcastle*
357,Batholomew,Comfort,*Tokai University Educational System*
358,Ammamaria,Alben,*Frank Lloyd Wright School of Architecture*
359,Kalle,Thoma,*Technical University of Opole*
360,Natalina,Dilliway,*Lincoln University Pennsylvania*
361,Angie,Dow,*Volgograd State University of Architecture and Civil Engineering (VolgGASU)*
362,Gasper,Woolcocks,*Carnegie Mellon University*
363,Crosby,Tyas,*Premier University*
364,Caria,Bleeze,*Wuxi University of Light Industry*
365,Cleo,Seed,*University of Texas Health Center at Houston*
366,Gorden,Nesterov,*Fachhochschule Dortmund*
367,Liesa,Swoffer,*Universidad Industrial de Santander*
368,Ula,Hearson,*Technical University of Szczecin*
369,Kathy,Croucher,*Instituto de Estudios Superiores de la Sierra*
370,Francyne,McMickan,*Cogswell Polytechnical College*
371,Amalee,Spragge,*Ural State Academy of Railway Transport*
372,Hally,Bakes,*William Jewell College*
373,Parsifal,Lundbech,*Trinity University*
374,Orella,McFadden,*Swiss Business School Zurich (SBS)*
375,Payton,Guerin,*Universidade Castelo Branco*
376,Martina,Goatman,*Heartland Baptist Bible College*
377,Karrie,Olive,"*Universidad Internacional de Andalucía, Sede La Rábida*"
378,Cymbre,Branton,*Boricua College*
379,Tiler,Fillimore,*Uludag University*
380,Gustaf,Rojel,*Universidad Popular de Nicaragua (UPONIC)*
381,Humfried,Scranedge,*Philadelphia College of Bible*
382,Eulalie,Angus,*Pontificia Universidad Católica Madre y Maestra (PUCMM)*
383,Elsworth,Sitford,*Atyrau State University*
384,Gisella,Lawley,*African University of Science and Technology*
385,Gerick,Edinboro,"*Florida Metropolitan University, Tampa College*"
386,Arabella,Ragbourn,*Universidad Nacional de Loja*
387,Pattie,Nazareth,*Delta University*
388,Mildred,Trassler,*Dominican University*
389,Nady,Michurin,*Hankuk University of Foreign Studies*
390,Ethelin,Jayne,*Gdansk Management College*
391,Doris,Schuelcke,*Howard Payne University*
392,Claudell,Oke,*Katholieke Universiteit Leuven*
393,Cosmo,Ambrogioni,*Ukrainian Academy of Pharmacy*
394,Caz,Mounce,*Al Imam Al-Ouzai University*
395,Briana,Rivaland,*Technological University (Hinthada)*
396,Vladamir,Riall,*Warsaw School of Information Technology*
397,Grady,Dufaur,*RMIT International University Vietnam*
398,Omar,Keson,*Mid-Sweden University*
399,Ellene,Soame,*Medizinische Universität Wien*
400,Jilly,Whistan,*Hanseo University*
401,Moshe,Gaitskill,*Baker College of Cadillac*
402,Nisse,Gavahan,*Central South Forestry University*
403,Cort,Struijs,*Instituto Politécnico do Cávado e do Ave*
404,Terri-jo,Chinge,*Université de Sherbrooke*
405,Lammond,Fergie,*Khabarovsk State University of Technology*
406,Egan,Roslen,*Kumasi Polytechnic *
407,Herminia,Lehrer,*China Academy of Art*
408,Edik,Martinon,*Technical University of Rzeszow*
409,Leonanie,Baine,*Universidad Católica Santa María La Antigua*
410,Chris,Galtone,"*National Institute of Technology, Jamshedpur*"
411,Cullie,Sylett,*Universidad Nacional Autónoma de México*
412,Aaron,Yoskowitz,*Nebraska Christian College*
413,Frederick,Scarrott,*University of Trinity College*
414,Clem,Liccardi,*Institute of Management and Economy*
415,Abey,Wieprecht,*University of St. Andrews*
416,Rafaellle,Downe,*Universidad San Francisco Xavier de Chuquisaca*
417,Drusy,Godier,*Université du Québec à Trois-Rivières*
418,Ingra,Butland,*University of Northumbria at Newcastle*
419,Patten,Eakeley,*Tokyo Engineering University*
420,Yelena,Veasey,*Universidad Mexicana del Noreste*
421,Francoise,Slimming,*Universidad del Mar*
422,Farrah,Durward,*The Government Sadiq College Women University Bahawalpur*
423,Meyer,Lording,*Baker College of Cadillac*
424,Lombard,Toombes,*İstanbul Şehir University*
425,Blancha,Kinsell,*Carlow College*
426,Zebulon,Senter,*University of Teesside*
427,Jarrett,Stonhouse,*EVTEK University of Applied Sciences*
428,Michelina,Twell,*Anhui Normal University*
429,Natal,Bruty,*Guangxi Traditional Chinese Medical University*
430,Cathyleen,Wilsee,*Northeast Agricultural University*
431,Clarey,Streatley,*Fort Valley State College*
432,Krysta,Danovich,*Universitas Muslim Indonesia*
433,Teddy,Dayes,*Kean University of New Jersey*
434,Annabela,Smewin,*Moscow Institute of Physics and Technology*
435,Dilan,Winning,*Universitas Palangka Raya*
436,Jennifer,Rookes,*Chinju National University*
437,Daron,Hugett,*Nizhny Novgorod State Technical University*
438,Boigie,Legon,*Inchon National University of Education*
439,Sigismondo,Dohr,*Victoria International University*
440,Joanna,Shirtcliffe,*KBU International College*
441,Vincenz,Cowp,*Lithunian Academy of Music and Theatre*
442,Flinn,Folder,*California Lutheran University*
443,Hetti,Yu,*University of Northern Philippines*
444,Kendre,Blakeway,*Dongshin University*
445,Ruth,Pullin,*Universidade do Grande Rio*
446,Sharona,Defty,*University of Macerata*
447,Kiri,Jimpson,"*Kyrgyz State University of Construction, Transportation and Architecture*"
448,Lancelot,Deverose,*Universidad España de Durango*
449,Ingeberg,Bredbury,*Northern Institute of Technology Management (NIT)*
450,Shay,Alfuso,*Katholische Fachhochschule Mainz*
451,Dianemarie,Nyland,*Capital University Law School*
452,Frank,Fairbard,*Universität Trier*
453,Nadya,Hatherleigh,*Universidade Federal de Ouro Preto*
454,Corny,Blaschek,*United States Air Force Academy*
455,Dehlia,Maffi,*Universidade Estadual Paulista*
456,Hardy,Tradewell,*Northwest University Xi'an*
457,Mommy,Orts,*Azerbaijan International University*
458,Marco,Benka,*University of Health and Science*
459,Cilka,Oxby,*Iqra University*
460,Bradly,Piborn,*Arab European University*
461,Perla,Webermann,*University of Guelph*
462,Marika,Gusney,*Jikei University School of Medicine*
463,Bryce,Di Roberto,*Universidad Simón Bolivar*
464,Marcelline,Caldaro,*Nagoya City University*
465,Tedd,McKernon,*Mariano Marcos State University*
466,Bibbie,Dunseath,*Universidad de Los Andes*
467,Boony,Dryden,*Spertus Institute of Jewish Studies*
468,Ruprecht,Hacket,"*Institute of Teachers Education, Keningau*"
469,Caryl,Bendtsen,*St. Joseph's College New York*
470,Roman,Moors,*Pacific Adventist University*
471,Herrick,Blampied,*St. Petersburg State University of Culture and Arts*
472,Dorey,Scriven,*Central Washington University*
473,Guntar,Dunseath,*Mandalay Technological University*
474,Jocko,Larcombe,*Universidad San Sebastian*
475,Clemence,Saipy,*Zambian Open University*
476,Reina,Eskrigge,*Istanbul Kultur University*
477,Domingo,Lyman,*John F. Kennedy University*
478,Carley,Lomas,*Universitas Bhayangkara Jakarta Raya*
479,Amitie,Nornable,*Warner Pacific College*
480,Tallia,Poplee,*Tokai University*
481,Ula,Stow,*Virginia International University*
482,Tamar,Woodburn,*Bilkent University*
483,Skipton,Jephson,*Moscow State Institute of Steel and Alloys*
484,Barney,Aggis,*Japan College of Social Work*
485,Herculie,Teaze,*Université Abdou Moumouni de Niamey*
486,Rickard,Tremmil,"*Evangelische Fachhochschule für Religionspädagogik, und Gemeindediakonie Moritzburg*"
487,Umeko,Waldock,"*Fachhochschule Hildesheim/Holzminden/Göttingen, Hochschule für angewandte Wissenschaft und Kunst*"
488,Goldina,Polycote,*Universidad Autónoma de Zacatecas*
489,Lynett,Maliphant,*Aarhus University*
490,Nicolas,Danovich,"*University of Vlora ""Ismail Qemali""*"
491,Agace,Tondeur,*Gifu University*
492,Siegfried,Creavan,*Khabarovsk State University of Technology*
493,Pancho,Audiss,*Universidad de La Guajira*
494,Davin,Baldree,*Universitas Indonesia*
495,Aldwin,Gummery,*Universität Lüneburg*
496,Kendra,Slowgrove,*Maryville University of St. Louis*
497,Curt,Antham,*Weizmann Institute of Science*
498,Raymund,Baptiste,*Baker College of Auburn Hills*
499,Carolan,Stainton - Skinn,*Fukui University*
500,Theodora,Digger,*National Cheng Kung University*
501,Raynor,Alliott,*Universidad de Iberoamérica*
502,Bevvy,Burmingham,*Universidad Católica Madre y Maestra*
503,Emmery,Finci,*Université d'Artois*
504,Siegfried,Starkings,*University of Zürich*
505,Meara,Oels,*Cameron University*
506,Rivkah,Downey,*Le Moyne-Owen College*
507,Shea,Humberston,*Université de Bamenda*
508,Zebadiah,Stickells,*Institute of Accountancy Arusha*
509,Barbra,Laetham,*Ecole Nationale d'Ingénieurs de Saint-Etienne*
510,Lelah,Heinicke,"*Benedictine University, Springfield College in Illinois*"
511,Andrea,Dummett,"*Universidad International SEK, Santiago*"
512,Evyn,Turn,"*University ""Transilvany"" of Brasov*"
513,Kenn,Forcade,*International Medical & Technological University*
514,Tamma,Gater,*Ecole des Hautes Etudes en Gestion Informatique et Communication*
515,Humfried,Kinnier,*University of Shiga Prefecture*
516,Stanton,Firby,*Instituto Superior de Psicologia Aplicada*
517,Vida,Prestner,*Vyatka State Pedagogical University*
518,Taryn,Jouannisson,*University of Burdwan*
519,Fredelia,Pennetta,*L.N. Gumilyov Eurasian National University*
520,Erina,Legge,*University Centre of the Westfjords*
521,Kathye,Broker,*Philippine Christian University*
522,Trevor,Brickhill,*University of Massachusetts at Lowell*
523,Tyrone,Capner,*Kirchliche Hochschule Wuppertal*
524,Coraline,Chavey,*Trinity Theological Seminary*
525,Vidovik,Hazlegrove,*Manarat International University*
526,Josepha,Sedger,*Universidad de Talca*
527,Gabriela,Seamen,*Instituto Universitario Aeronáutico*
528,Mirabelle,Cavill,*Hawassa University*
529,Irvine,Renzo,*Australian Correspondence Schools*
530,Thoma,Osgorby,*Piedmont College*
531,Lazare,Bullman,*Yazd University*
532,Esta,Itzcovichch,*Ibaraki University*
533,Vinny,Reuble,*Colorado School of Mines*
534,Tobe,Schrader,*Brigham Young University*
535,Sheilah,Maddrah,*University of NorthWest*
536,Ganny,Gatling,*University of Bohol*
537,Martie,Astlett,*Northwestern College of Chiropractic*
538,Darbie,Blew,*Curtin University of Technology*
539,Sascha,McKaile,*Universitas Airlangga*
540,Field,Nelson,*Vongchavalitkul University*
541,Em,Haddleston,*Ho Chi Minh City University of Medicine and Pharmacy*
542,Dill,Hemstead,*Wells College*
543,Artemas,Brewse,*United Business Institute*
544,Ginevra,Zanolli,*Universidade Católica de Brasília*
545,Etta,Veschambre,*Technical University of Kenya*
546,Cicily,Bursnall,*Technological University (Dawei)*
547,Kanya,Ritchard,*Magadh University*
548,Virgil,Hiner,*Universidad Católica Madre y Maestra*
549,Lethia,Giacopello,*Abdus Salam international centre for theoretical physics*
550,Lannie,De Cristofalo,*Universität für künstlerische und industrielle Gestaltung Linz*
551,Upton,Endacott,*Bukkyo University*
552,Toddy,Passfield,*The College of Westchester*
553,Aubree,Doley,*Université de Toamasina*
554,Claudetta,Connechy,*Martin Methodist College*
555,Murdock,Rickertsen,*Silesian School of Economics and Languages*
556,Elsie,Rylands,*University of East*
557,Ingmar,Deschlein,"*Universidad Nacional Experimental ""Simón Rodriguez""*"
558,Maritsa,Kasman,*Technical University of Civil Engineering Bucharest*
559,Prissie,Greystock,*University of Kerala*
560,Orlan,Islip,*Engineering Faculty of Asian University*
561,Jaye,Schottli,*William Paterson University*
562,Emili,Voaden,*Universidad NUR*
563,Natividad,Ber,*Arab Open University*
564,Merrel,Wingfield,*Tikrit University*
565,Nolie,Vasquez,*Facultés Universitaires Saint-Louis*
566,Raffarty,Edworthy,*University of Balochistan*
567,Lucius,Cadamy,*Ecole pour les Etudes et la Recherche en Informatique et Electronique*
568,Margeaux,Willans,*University of Pannonia*
569,Yevette,Cregin,*St. Andrew's University*
570,Herta,Packe,*Fundación Universitaria San Martín*
571,Ardella,Tumasian,*Volgograd State Technical University*
572,Zed,Kingscote,*Berean University of the Assemblies of God*
573,Tonye,Oughtright,*American University of Science and Technology*
574,Vale,Longstreet,*Chongqing Three Gorges University*
575,Gaultiero,Jean,*Universidad de Magallanes*
576,Josh,Ashby,*Fachhochschule Koblenz*
577,Gilemette,Reichhardt,*Sylhet International University*
578,Thacher,Morteo,*Ecole Nationale de la Statistique et de l'Administration Economique*
579,Quintina,MacDonough,*Aga Khan University*
580,Teddy,Stopforth,*University of Namibia*
581,Jens,Rushmer,*Tezukayama Gakuin University*
582,Talbert,Lewson,*Novosibirsk State Technical University*
583,Debor,Schusterl,*Universidad Nacional del Altiplano*
584,Lib,Chrippes,*Martin University*
585,Nedi,Murrie,*Edison Community College*
586,Ree,Kamen,*Central University of Finance and Economics*
587,Amalle,Ternouth,*Technological Education Institute of Piraeus*
588,Jacklyn,Dingley,*University of Louisiana at Lafayette*
589,Mella,Sabey,*Ecole des Hautes Etudes Commerciales du Nord*
590,Palmer,Calbert,*Universidad Autónoma de Occidente*
591,Elsbeth,Monday,*Tunku Syed Sirajuddin Polytechnic*
592,Travus,Organ,*Coker College*
593,Mandy,Andriss,*Misr University for Sience and Technology*
594,Danica,Plom,*Royal Danish School of Educational Sciences*
595,Jean,Crannach,*Mahatma Phule Agricultural University*
596,Pavlov,Dehn,*St. Michael's College*
597,Temple,Eshmade,*Xinjiang Normal University*
598,Gloria,Rubee,*Beijing University of Chemical Technology*
599,Floris,Tovey,*International Bible College*
600,Meghan,Woodage,"*Federal College Of Education (Technical), Akoka*"
601,Jacinda,McCromley,*Universidad Nacional del Littoral*
602,Helyn,Seyler,*Taganrog State University of Radioengineering*
603,Agathe,Keave,*Moi University*
604,Reese,Kiffe,*University of Salerno*
605,Eartha,McShea,*University of Macedonia*
606,Lonnard,Huncoot,*Université du Québec à Trois-Rivières*
607,Fabien,Pether,*Shimonoseki City University*
608,Desiri,Maudson,*Quantum-Veritas International University*
609,Kassey,Mardle,*Kameshwar Singh Darbhanga Sanskrit University*
610,Yetta,Skea,*Tunku Abdul Rahman University (Chinese University)*
611,Cordelia,Toogood,*Universitas Negeri Padang*
612,Andy,Cullingworth,*Universidad Nacional de San Agustin*
613,Christalle,Mullarkey,*State University of New York College at Potsdam*
614,Chloris,Penke,*Tokuyama University*
615,Jodie,Tod,*Columbus University*
616,Maggie,Hows,*Université de la Manouba*
617,Karie,Skyram,"*St. Francis College, Loretto*"
618,Sullivan,Clinning,*University of Batangas*
619,Barbie,Aked,*Tenri University*
620,Bobby,Seabrook,*Makanlal Chutur Vedi University*
621,Eberhard,Drewe,*City University of New York (CUNY) System*
622,Bryce,Bunnell,*Xi'an Jiaotong-Liverpool University*
623,Hannis,Biford,*Xavier University*
624,Eddie,Janota,*Al Muthanna University*
625,Francyne,McKelloch,*Al-Balqa Applied University*
626,Graig,McHaffy,*Mazandaran University of Science & Technology*
627,Cortney,Gillbanks,*Sterlitamak State Pedagogical Institute*
628,Anita,Hards,*Military University Shoumen*
629,Adriena,Manie,*Australian Maritime College*
630,Mac,Estcourt,*The American University in London*
631,Gardener,Tullis,*Birmingham City University*
632,Fred,Scoullar,*Narendra Deva University of Agriculture and Technology*
633,Hesther,Rosier,*Regent University*
634,Rosco,Spaight,*Universidad Nacional de Asunción*
635,Gaby,Jandourek,*Gakushuin University*
636,Hilary,Rosgen,*Universitas Tadulako*
637,Karrie,Jentin,*Hachinohe University*
638,Lucias,Epelett,*Yasuj University*
639,Wilie,Filipson,*Universidad Centroamericana de Ciencias Empresariales (UCEM)*
640,Rhonda,Smylie,*Wartburg College*
641,Joy,Thody,*University of Nova Gorica*
642,Lori,Roux,*Diyala University*
643,Guillema,Copozio,*Northface University*
644,Donielle,Naisey,"*Begum Rokeya University, Rangpur*"
645,Celestyna,Hilliam,*Pontificia Universidad Católica Madre y Maestra (PUCMM)*
646,Audrey,Revett,*Bashkir State Agrarian University*
647,Salvidor,Heinert,*Trakya University*
648,Rae,Reynalds,"*City University of New York, York College*"
649,Gabriello,O' Shea,*Université de Poitiers*
650,Leilah,Geleman,*Noakhali University of Science and Technology*
651,Crosby,Madrell,*Ecole Nationale Supérieur de Mécaniques et des Microtechniques*
652,Kinsley,MacHostie,*Martin Methodist College*
653,Alleyn,Lowles,*China Agriculture University East*
654,Crystie,Lelliott,*Bayero University Kano*
655,Othelia,Rosin,*Technical University of Radom*
656,Kelby,Nussey,*Universidad Diego Portales*
657,Emmalee,Chavez,*İstanbul Şehir University*
658,Maurizia,Stanlake,*Université d'Orléans*
659,Keen,Churchley,*Tohoku Bunka Gakuen University*
660,Tyrone,Curror,*Technische Universität München*
661,Emmaline,Dudin,*University of Hargeisa*
662,Deny,Pyrton,*Southern Denmark Business School*
663,Ajay,Shimmings,"*Institute of Teachers Education, Kent*"
664,Fredric,Corstan,*Université Virtuelle de Tunis*
665,Cati,Flippelli,*University of Colorado Health Sciences Center*
666,Marilyn,Mullenger,*Universidade Regional do Cariri*
667,Sena,Bliben,*Universidad de Managua (U de M)*
668,Kameko,Gogin,*Prairie View Agricultural and Mechanical University*
669,Andie,Cuckoo,*Crescent University*
670,Hilary,Sisselot,*Central Mindanao University*
671,Fielding,Buntain,*LungHwa University of Science and Technology*
672,Bart,Bader,*Tenri University*
673,Fredek,Birckmann,*Universitat de Lleida*
674,Sile,Wardingley,*Andong National University*
675,Stefano,Quig,*Kermanshah University of Medical Sciences*
676,Bertram,Sijmons,*Universidade Bandeirante de São Paulo*
677,Camellia,Thompkins,*Swansea Metropolitan University*
678,Erinna,Melhuish,*Nile Valley University*
679,Karlik,Sidery,*Southeast University*
680,Hatty,Zettler,*Osaka University of Pharmaceutical Sciences*
681,Egan,Moyle,*Universidade Estadual do Oeste do Paraná*
682,Mariam,O'Glassane,*Nara Sangyo University*
683,Gladi,Poley,*Universidad de la Empresa (UDE)*
684,Bert,Curedale,"*Troy University, Dothan*"
685,Raimund,Tether,*Rangsit University*
686,Siffre,Stirman,*Taylor's University College*
687,Laureen,Lowes,*Webster University*
688,Mariel,Bowser,*Universidad Autónoma Gabriel René Moreno*
689,Eddy,Pennaman,*Armenian State University of Economics*
690,Doy,Markovic,*Universidad Alberto Hurtado*
691,Leone,Vaudrey,*University of Otago*
692,Maurizia,Voysey,*University of Sadat City*
693,Lammond,Brikner,*Women's University in Africa*
694,Mae,Richardsson,"*University College London, University of London*"
695,Carolann,Crab,*Vongchavalitkul University*
696,Skipton,Gokes,*Arba Minch University*
697,Isis,Andrat,*Aria Institute of Higher Education*
698,Bran,Blesli,*Universitas Islam Indonesia*
699,Madge,Crosi,*Universidade do Extremo Sul Catarinense*
700,Carolynn,Blazeby,*Catholic University of Korea*
701,D'arcy,Emmett,*University of Science and Technology of China*
702,Sampson,Lancley,*Sindh Agricultural University*
703,Forster,Lexa,*East Ukrainian National University*
704,Sonny,Silverton,*Marymount College New York*
705,Rurik,Swann,*National University of Ostroh Academy*
706,Micheline,Gradwell,*Universidad CES*
707,Vickie,Goade,*Loyola Marymount University*
708,Ninette,Ivashkin,*Université d'Antsiranana*
709,Vincent,Hawkswell,*Chongqing Technology and Business University*
710,Rozanne,Brabben,*University of Wollongong*
711,Philipa,Benoit,*Avondale College*
712,Toma,Brackley,*Aomori University*
713,Mendel,Dreinan,*SRM Institute Of Science & Technology ( Deemed University)*
714,Aurthur,Ricarde,*Tver State Medical Academy*
715,Augustina,Preece,*Universidad de Especialidades Turísticas *
716,Moe,Rawling,*Fukui University*
717,Wilt,Meneyer,*University of Denver*
718,Karrie,Canning,*Capitol College*
719,Karlis,Rutty,*Community College of Denver*
720,Jaymee,Brader,*Georgetown University*
721,Fergus,Eardley,*Universiti Tenaga Nasional*
722,Theresina,Cargenven,*National Institute of Technology Kurukshetra*
723,Suzanna,Beglin,*State University of New York at New Paltz*
724,Wenda,Bedbury,*Hong Kong Shue Yan College*
725,Devin,Calliss,*City University*
726,Elka,Pavkovic,*Universidad Autónoma del Noreste*
727,Jud,Grayley,*Université Cadi Ayyad*
728,Helen-elizabeth,Statter,*Birsk State Pedagogical Institute*
729,Gaye,Shivlin,*Polytechnic Institute of Bari*
730,Quint,Cheves,*Bryn Athyn College of the New Church*
731,Chaunce,Garritley,*Universitas Putera Batam*
732,Shelden,Eveling,*Kagoshima Women's College*
733,Laurie,Manshaw,*Biysk State Padagogical University after V.M. Shukshin *
734,Ashley,Robertucci,*Musashi University*
735,Opal,Paler,*University of Winnipeg*
736,Bendicty,Daubeny,*Albany College of Pharmacy*
737,Mignon,Jago,*Westminster College New Wilmington*
738,Kylen,Currm,*Eötvös Lorand University*
739,Dacie,Eagland,*Western Mindanao State University*
740,Fin,Finessy,*Argosy University*
741,Pasquale,Casseldine,*Ecole Spéciale de Mécanique et d'Electricité*
742,Pernell,Harden,"*Teachers College, Columbia University*"
743,Inigo,Scollan,*Africa International University*
744,Vonni,Jindra,"*University of Toronto, Scarborough*"
745,Randal,McTear,*Urmia University of Technology*
746,Vassili,Chesson,*Guangxi Normal University*
747,Akim,Allden,*Ecole Spéciale des Travaux Publics du Bâtiment et de l'Industrie*
748,Ingeberg,Jindra,*Universitas Kristen Indonesia Tomohon*
749,Isiahi,Elsmere,*University of York*
750,Isabella,Ballentime,*Busitema University*
751,Arlena,Headford,*Al Ghurair University*
752,Erskine,Hasser,*Ball State University*
753,Flossy,Dennerly,*Tilka Manjhi Bhagalpur University*
754,Robenia,Bremond,*Hagerstown Community College*
755,Paquito,Garland,*Shanghai University*
756,Drucy,De Giorgis,*Yerevan State University*
757,June,Blinerman,*Tianjin University*
758,Cull,MacAne,*Forest Research Institute Dehradun*
759,Sharline,Paolotto,*Buraydah College for Applied Medical Sciences*
760,Paton,Neary,*Royal Veterinary and Agricultural University*
761,Kameko,Dinsell,*Bryant and Stratton College*
762,Lexi,Trynor,*Institute of Management and Economy*
763,Rance,Stuchbery,*Thomas College Maine*
764,Wilmar,Penhall,*Covenant University*
765,Ado,Moxstead,*Technical University of Cracow*
766,Jonas,Cristofano,*Kigali Institute of Education*
767,Blake,Vertigan,*Universidad Nacional de Río Cuarto*
768,Car,Asbury,*Chiang Mai Vocational College*
769,Griffin,Mozzi,*Jaipur National University*
770,Curcio,Bescoby,*Universidad Técnica de Manabí*
771,Ardelle,Yoslowitz,*Schreiner College*
772,Cob,Dowda,*European Business School Schloß Reichartshausen*
773,Robena,Skule,*University of Sunderland*
774,Otes,Buffey,*IBAIS University*
775,Matilda,Marchello,"*Hidayatullah National Law University, Raipur*"
776,Dannel,Pleasance,*State University of New York at Buffalo*
777,Jamie,Archibould,*Illinois School of Professional Psychology - Meadows Campus*
778,Sigismondo,Nixon,*Delaware Valley College*
779,Charmane,Hugnet,*St. Petersburg State Mining Institute (Technical University)*
780,Stace,McConigal,*University of Hawaii - Hilo*
781,Barn,Bryde,*Obihiro University of Agriculture and Veterinary Medicine*
782,Lesley,Beckles,*American International University West Africa*
783,Pernell,Craske,*Universidade de São Paulo*
784,Dulcea,Avramovitz,*The Master's College*
785,Erick,Dandy,*Zawiya University*
786,Silvan,Matushenko,*Bashkir State Medical University*
787,Christie,Idle,*Warner Pacific College*
788,Brantley,Puddicombe,*Södertörn University College*
789,Sheila,Petrushka,*Catholic University of Malawi*
790,Dennie,Curgenven,*Vanderbilt University*
791,Kacy,Whates,*Maejo University*
792,Nonie,Dimbylow,*Alain University of Science and Technology*
793,Viva,Kneaphsey,*Nankai University*
794,Ursula,Chace,*Chinese Culture University*
795,Othilia,Felce,*Universidad de la Marina Mercante*
796,Harcourt,Roarty,*Banaras Hindu University*
797,Bev,Foxworthy,*The Boston Conservatory*
798,Vance,Petroselli,*Columbus University*
799,Xavier,Allnatt,*Samara State Agricultural Academy*
800,Kordula,Stegell,*Kobe Jogakuin University*
801,Demetre,Scammonden,*Palacky University*
802,Sabra,Castiglione,*Marycrest International University*
803,Ameline,Fenwick,*Oita University*
804,Elnar,Broodes,*Saint Mary's University*
805,Stanley,Matteucci,*East Tennessee State University*
806,Chester,Cleere,*Jubail University College*
807,Yorke,Zoane,*Kyushu Institute of Design*
808,Kerrin,Saffell,*Universidade Federal da Paraíba*
809,Cloris,Deverell,*Heinrich-Heine Universität Düsseldorf*
810,Camey,Winson,*Evangel University*
811,Doyle,Gillivrie,*Erasmus University Rotterdam*
812,Sileas,Bridgnell,*Hogeschool Antwerpen*
813,Robbi,Relph,*Kansas State University*
814,Denice,Geraldi,*Botswana College of Agriculture*
815,Adina,Pitcaithly,*International Centre for Isclamic Science*
816,Calhoun,Jowle,*Hannam University*
817,Martguerita,Wilkes,*Kawasaki Medical School*
818,Genvieve,Errey,*Virginia Commonwealth University*
819,Phillie,Sawday,*Université des Antilles et de la Guyane*
820,Julienne,Menis,*The School of the Art Institute of Chicago*
821,Cherin,Northover,*Université Blaise Pascal (Clermont-Ferrand II)*
822,Adiana,Meco,*Boricua College*
823,Christophe,MacBain,*Technical University of Civil Engineering Bucharest*
824,Koral,Jolley,*Alverno College*
825,Maximilian,Ovett,"*Schiller International University, Paris*"
826,Gilbert,Nurse,*Pontificia Universidade Católica do Paraná*
827,Kaleb,Krol,*Hiroshima Women's University*
828,Elisha,Dubble,*Royal University of Agriculture*
829,Arliene,Witcher,*National Yunlin University of Science and Technology*
830,Rubia,Barkworth,*New England School of Law*
831,Yvonne,Bills,*Universidad Nacional de Mar del Plata*
832,Marlena,Rivitt,*Université Alioune Diop de Bambey*
833,Chloris,Darell,*Universidad Sergio Arboleda*
834,Berty,Ewells,*St. Petersburg State University of Technology and Design*
835,Valentijn,Harroway,*Instituto Tecnológico Metropolitano*
836,Cathyleen,Imesson,*University of Calcutta*
837,Tara,Spuner,*Universidade Lusófona de Humanidades e Technologias*
838,Falkner,State,*Campion College*
839,Cris,Mancell,*St. Petersburg State University of Technology and Design*
840,Diane-marie,Lyburn,*Universidad Motolinía del Pedregal*
841,Howie,Golda,*Centre Universitaire d'Oum El Bouaghi*
842,Tonie,Frier,*Novosibirsk State Medical Academy*
843,Ferris,Lusher,*National Taipei College of Nursing*
844,Lyle,Dumpleton,"*Balti State University ""Alecu Russo""*"
845,Humfried,Child,"*Universidad de Artes, Ciencias y Comunicación*"
846,Nert,Albutt,*IE University*
847,Jobie,Norway,"*Dai Ichi University, College of Technology*"
848,Deny,Cammock,*Universidade Autónoma de Lisboa Luís de Camoes*
849,Findlay,Atkin,*İstanbul Şehir University*
850,Tadd,Bemment,*Westminster College of Salt Lake City*
851,Parsifal,Hriinchenko,*Instituto Tecnológico y de Estudios Superiores de Monterrey (ITESM)*
852,Marga,Haffard,*Universidad Católica de Santa Fé*
853,Burr,Petrak,*Makerere University*
854,Ariella,Rudolfer,*Universität Regensburg*
855,Deedee,Trowel,*Bayero University Kano*
856,Neila,Ruffell,"*City University of New York, Queens College*"
857,Petronia,Asee,*University of Health Sciences*
858,Barney,Purbrick,*Georgia Southwestern University*
859,Johannes,Pigdon,*Middlebury College*
860,Fernandina,Habgood,*Information and Communications University*
861,Gratiana,MacGiffin,*Universidade Portucalense Infante D. Henrique*
862,Killie,Markl,*Nakamura Gakuen University*
863,Jameson,Adds,*Liverpool John Moores University*
864,Mackenzie,Pumphreys,*Brigham Young University Hawaii*
865,Jude,Pughe,*Columbia University*
866,Antonio,Yoselevitch,*Shivaji University*
867,Anatollo,Kitter,*Heilongjiang University*
868,Noach,Gofton,*Ishik University*
869,Sandra,Borgars,*Katholieke Hogeschool Limburg*
870,Cthrine,Penn,*Bratislava International School of Liberal Arts*
871,Harli,Pittem,*Universidad Autónoma de Tamaulipas*
872,Suzanne,Sirman,*St. Luke's College*
873,Tadeo,Vokins,*Jalalabad State University Kyrgyzstan*
874,Lolly,Queree,"*Université du Centre, Sousse*"
875,Dewain,Yarham,*Abai State University*
876,Reggie,Fronczak,*Universidad Nacional Hermilio Valdizan*
877,Revkah,Tippin,*Saga University*
878,Lek,Degg,"*Skyline University College, Sharjah*"
879,Sydelle,Coll,*Universitas Merdeka Malang*
880,Stacee,Mueller,*Milwaukee Institute of Art and Design*
881,Allyce,Baraclough,*Sukhothai Thammathirat Open University*
882,Chris,Polkinhorn,*Karelian State Pedagogical University*
883,Barbey,Roddam,*Wako University*
884,Sibley,Petrol,*Institut Teknologi Brunei*
885,Jilli,Elcott,*Eugene Bible College*
886,Carlie,Fitzjohn,*Busitema University*
887,Dur,Dymock,*Escola Superior de Hotelaria e Turismo do Estoril*
888,Petey,Madders,*Ajou University*
889,Vincenty,Bispham,*Walsh University*
890,Chrissy,Pach,*Université Épiscopale d'Haiti*
891,Falkner,Messenbird,*Miryang National University*
892,Marietta,Reina,*Franciscan University of Steubenville*
893,Sutherland,Portam,*John F. Kennedy University*
894,Teresita,Womersley,*Al-baha University*
895,Miguel,Feye,*Pacifica Graduate Institute*
896,Lalo,Gillebert,*PTPL College*
897,Donelle,Rusbridge,*Universidad de Valladolid*
898,Marco,Bissiker,"*Muthesius-Hochschule, Fachhochschule für Kunst und Gestaltung*"
899,Mirella,Honnicott,*Université Panthéon-Assas (Paris II)*
900,Cassandry,Halloway,*Centre d'Etudes Supérieures Industrielles Paris*
901,Shaine,Sire,*Pavlodar University*
902,Nathanial,Ashworth,*Fachhochschule Lausitz*
903,Wileen,Auston,*Universidad de Antioquia*
904,Vernor,Tart,*Amity University*
905,Kiley,Juliff,*Vignan University*
906,Golda,Ecles,"*City University of New York, York College*"
907,Aurelia,Barbery,*United Business Institute*
908,Brena,Hastwall,*Universidad Hispanoamericana*
909,Margette,Hannis,*Institut National Polytechnique de Lorraine*
910,Addison,Joselevitch,*Mzuzu University*
911,Christyna,Forshaw,*Al Azhar University*
912,Charmaine,Mcasparan,*Beirut Arab University*
913,Emeline,Kindleysides,*Chikushi Jogakuen University*
914,Tod,Marven,*Mahidol University International College*
915,Luciana,Breacher,*State University of New York at Oswego*
916,Sargent,Gornal,*Lansbridge University*
917,Roderich,Durbann,*China Three Gorges University*
918,Gasper,Jermyn,*Instituto Superior de Gestão - ISG*
919,Mohammed,Rablin,*Aichi Shukutoku University*
920,Neilla,Bartczak,"*Fachhochschule und Berufskollegs NTA, Prof.Dr. Grübler gemein. GmbH*"
921,Dilan,McEachern,"*University of California, Berkeley*"
922,Michell,Glashby,*Taj Institute of Higher Education*
923,Kiley,Grills,*State University of New York College at Potsdam*
924,Kellie,Freiburger,*University of Hawaii - Hilo*
925,Darb,Pemberton,*Oakland City University*
926,Shanon,Brownsea,*Tongmyung University of Information Technology*
927,Rudolph,Dacey,*University of Maiduguri*
928,Almeria,Eastbury,*Aarhus School of Business*
929,Sioux,Antoniazzi,*Sung Kyun Kwan University*
930,Tris,Durran,*Cheljabinsk State University*
931,Danielle,Warburton,*National American University*
932,Lonnie,Dietzler,*Lambuth University*
933,Dud,Pattesall,*Philadelphia College of Osteopathic Medicine*
934,Denys,Josland,*College of Technology at Dammam*
935,Dorry,Kocher,*The Southern Christian University*
936,Wendell,Henworth,*Cevro Institut College*
937,Aldis,Exeter,*Chubu Gakuin University & Chubu Women's College*
938,Scarlet,Aron,*Turin Polytechnic University In Tashkent*
939,Gilli,Rebanks,*Iwate Prefectural University*
940,Harmon,Sarsons,*University of the Assumption*
941,Susette,Jerson,*Guangxi Traditional Chinese Medical University*
942,Tanner,Van Daalen,*University of Massachusetts at Lowell*
943,Lemar,Capper,*VBS Purvanchal University*
944,Hollis,Ruse,*Universidade Tiradentes*
945,Gilles,Longmire,*University of Plymouth*
946,Carlina,Shovelton,*Seneca College*
947,Cart,Reeks,*Kurukshetra University*
948,Buckie,Serrurier,*Wake Forest University*
949,Rustin,Jugging,*University of Iasi*
950,Rocky,Crampsey,"*Webster University, Thailand*"
951,Birk,Daughtry,*Lorestan University of Medical Sciences*
952,Lissy,Aharoni,*Bengal Engineering College*
953,Johanna,Goadsby,*Panzhihua University*
954,Prudy,Lamps,*Kannur University*
955,Sauncho,Di Francesco,*King's College*
956,Dmitri,Babe,*Southern California Institute of Architecture*
957,Filmore,Plumb,*Surgut State University*
958,Charissa,Briskey,*Ganja State University *
959,Jolyn,Chapelhow,*Darul Huda Islamic University*
960,Chrysler,Itzcovichch,*Meisei University*
961,Wilmer,Wardrope,*Vesalius College*
962,Chet,Broderick,*Perak Islamic College*
963,Cordula,Tappin,*State University of New York College at Cortland*
964,Gannon,Groveham,*University of the Sacred Heart Tokyo*
965,Nonna,Gerdts,*Virgen Milagrosa University Foundation*
966,Trumann,Kingsly,*Cyprus International Institute of Management (CIIM)*
967,Gayleen,Thake,*Park College*
968,Gilbert,Baynard,*Universidad Agraria del Ecuador*
969,Deni,Card,*IMPAC University*
970,Ondrea,Taggerty,*Reitaku University*
971,Blithe,Cotmore,*Turkish Military Academy*
972,Jacinthe,Mullaney,*Merkur Internationale FH Karlsruhe*
973,Ruthann,Rosengarten,*Kankakee Community College*
974,Freddy,MacRorie,*Technical University of Varna*
975,Galvin,Aird,*Asia Pacific Institute of Information Technology Pakistan (APIIT PAK)*
976,Ingemar,Seckom,*Gujarat Ayurved University*
977,Prue,Hurley,*Kabul Education University*
978,Brynn,Biggar,*Community College of Denver*
979,Evvie,Fulun,*Meijo University*
980,Stanislas,Bax,*Morioka College*
981,Rickie,Oxtoby,*Lankaran State University*
982,Natalya,Schwandner,*Evangelische Fachhochschule Darmstadt*
983,Buffy,Hauch,*Belarussian State University*
984,Irita,Layburn,*Kermanshah University of Technology*
985,Theodora,Tremellan,*University of Rajasthan*
986,Gayler,Grimmer,*Tokushima University*
987,Garrick,Tassaker,*Omsk State Medicical Academy*
988,Neill,Coche,*Universitat de Lleida*
989,Dominique,Jeens,*Kyoto Pharmaceutical University*
990,Chrystel,Lamplough,*Comilla University*
991,Panchito,Beamand,*Hue University of Agriculture and Forestry *
992,Kevin,Hawler,*Ibaraki Christian College*
993,Janaye,Dunlap,*Tokai University Educational System*
994,Ambrosius,Stockings,*Mozyr State Pedagogical Institute*
995,Rey,Fusedale,*Zayed University*
996,Franzen,Lohering,*Akwa Ibom State University of Technology*
997,Brand,Tarrant,*Fachhochschule Potsdam*
998,Yelena,Fick,*Ohio State University*
999,Elladine,Jagels,*Anhui University of Finance and Economics*
1000,Fredrika,Suttaby,*University of Texas at Austin*
