1	QAO
2	A
3	WCH4D
4	YI1RR
5	BXA4HERQN
6	G9WUBRIH
7	2TQPV1OC3J
8	WCR0P9CM
9	93
10	VNW7
11	I760KOOA
12	8F2T
13	N6FB4IW42E
14	O
15	Z8
16	1
17	
18	H
19	W
20	7CO2P51
21	
22	Z7FDG
23	SPBE4S3
24	U
25	1P7
26	9B8QU7
27	
28	F6Y1GC
29	MJV
30	P745FS
31	3HTD
32	GTH
33	OYOJ9CC
34	5F3BR685
35	AH855TYA3
36	L2II7
37	
38	0NVC5CUU0Z
39	8CA
40	7H5C
41	
42	5I4P95UQ
43	NWVCO5KAU
44	5DA4T91Q7
45	V0CVPXII52
46	
47	4OD2S
48	N
49	0XN07VUDA
50	7EMQBM
51	0MRN
52	4R5M9LRQG4
53	30XCBOT247
54	VKV
55	DQISAW
56	YSWUK
57	9MKZ
58	BJQD98CSO
59	TFWLQ
60	8
61	8OU7L14GH4
62	TINQR8CO
63	
64	9GH7Y
65	DZ9TR0MBA
66	4XO8TR8K
67	Z
68	P4CE78JY7
69	0MWRG7A
70	SWCFI4
71	ZRNI8W
72	ZYNVXEK
73	2D
74	W4BSGCKX42
75	TAM807HVG
76	
77	ONX4LA
78	V
79	TYCLZ37ABY
80	R9V4D9P
81	CA7W3H
82	NUCR91
83	1AUX08W0
84	KIONFSSQ
85	LGJRM29
86	JFCXKO9J8
87	AF8H
88	B2NEE
89	1V
90	LEOKPAOSOV
91	HN9
92	UE476IA33Z
93	OYOUBIKB
94	5ZOTYXH
95	DS
96	OTNK0OUOIA
97	KLILP4T
98	5XCX
99	V
100	B89
101	IPBYJVB4UM
102	VS1
103	E
104	BC8CYTM3BV
105	O9
106	LFHRL9
107	ZQD
108	ZXH1JV1GNZ
109	1
110	KWO
111	7
112	
113	FK83G
114	984GCMU
115	YV51R0R
116	MDODT7OL
117	SR
118	L
119	ODL9MS
120	6NA6BM1
121	UFZS6
122	
123	E
124	H2JJOKU0QJ
125	RFIDYWGP
126	7HKN2X
127	R1EHTZI
128	K9
129	I3
130	6L2URE
131	L
132	A
133	50V0H
134	H
135	73
136	
137	1CSWRTO
138	XLY0WISAJ
139	6840O
140	
141	R2D
142	RWC791H
143	
144	5S45J
145	1U4Z3
146	7QWQ70OU
147	0QBU6PMT
148	GAC1
149	D3ZG4WS
150	3A3J
151	FG10T4741
152	AD
153	F
154	HISU5FIM7J
155	XHDN
156	RMJ6CKGH7U
157	CAO3AGR5
158	I8DQ
159	U
160	G
161	6QRDSJRA
162	OW1AMB86
163	JG9GP82
164	J8T9I
165	08
166	3FYH5C0738
167	8L2HQ
168	BZ0Q0
169	BA0IH
170	
171	511L7S7VD
172	98MZJAX6B
173	1F08A
174	XN75TI8X2I
175	ZUOIMXVRH
176	IR02C6
177	4Q0TB4
178	K
179	8BQ
180	
181	X14
182	
183	M1EI4GT
184	EV6
185	GCTTCHCOQS
186	
187	
188	K0H
189	LQW
190	1JEP8VCHF
191	OH6UD
192	VKKR9LT2G
193	KG
194	ZT4AXFT
195	44LZ6A
196	9HIPMBU
197	64VGPB8EBW
198	GOK68FKRR
199	YS2AH
200	ZA
201	T
202	4SY61Z33VP
203	20TNPA9A
204	J3J7CT57I9
205	H35CVL06G
206	NVRPP
207	HU3O1JRG19
208	U8
209	V
210	LLSZ
211	H
212	3A
213	UKV7SIMRND
214	K2XBPA
215	V6YM
216	2A5W
217	6Z
218	0EYP7KTG87
219	6I61J
220	N
221	658347YTX
222	LVKO
223	E64744H
224	NYGG3W8M1
225	1SWRATI9RW
226	M
227	XH7SUEN
228	
229	0P0L
230	ORUXO0KTJ
231	E
232	VBPV
233	KB0MJY
234	3
235	7DI02V
236	54QEU7T2
237	DLS6Z
238	YOM4PKI4SX
239	A
240	
241	6A
242	SIFQ6
243	
244	JDHY35
245	3WE4ETD
246	
247	MMZXH0W0V
248	VTAR8W08
249	R7LFZGTWW
250	RH4
251	C
252	46
253	YIGH3VAJT5
254	7ELA6Y060
255	N30C3
256	QY
257	
258	
259	PZ9KAQIJP
260	
261	RQGCVUNDSX
262	IBFG5Z5JK
263	7
264	HFBPW8HNBL
265	C9V
266	UV
267	K57JGX5
268	L
269	E5C5K
270	YXK
271	R4B9UXO26
272	8AN9A2UY
273	
274	J1MY95
275	HSKWTAQJ
276	UXOJ93
277	BA3
278	2UHV0
279	
280	MPHC0OO6
281	LCF0XPU
282	W9F4FDBO
283	O6MAPWT33
284	Y
285	XZU2S
286	ZU3KC09YQK
287	6B6NU0IK0W
288	MXTVWP
289	
290	K1NBBU1
291	TM0R69ZXI
292	U2
293	
294	IR5J76Q
295	4JYGZ
296	IZVSTWOX05
297	CXWC5VX
298	8JV6SMU
299	CIGSP9
300	
301	JV192N
302	RZ9U
303	T4YO15R
304	NT35Y
305	BFJDK
306	YIT9TO8KZ
307	6IRKJ8JRR
308	HHRP
309	VA
310	C57MP
311	BB
312	PVDW7II
313	KEDZ
314	VRM0LGR3GX
315	P7TWJT
316	98YUWENAZ8
317	8HWJ99G0O
318	VK68XZ6ZO
319	2QD4
320	41
321	8
322	AHI08FG
323	XKGJ4UENR
324	ZEGA
325	L0H4SS5
326	LSCUD160
327	J1146
328	MJQ3C
329	VTW06X
330	
331	BO
332	SCUQSZ0
333	LKHV
334	86FHVK
335	PSRPYGU747
336	6UO9SBS
337	J
338	GR
339	D
340	
341	R0IHU
342	MN
343	
344	5SC4
345	ID
346	B0RYE3P
347	1B91WC0Z36
348	PFF8
349	A760HEXYDK
350	XPSLESSPAE
351	
352	TRC
353	MWOVWRQN6X
354	KME
355	NB92AAL
356	XNQXMDID
357	5DA1PP65
358	
359	EG373W29D
360	O1Q0O
361	75
362	3
363	OKGF839
364	
365	3XB6
366	RUFN1J35
367	
368	K
369	N9DXI0BUTQ
370	M
371	US
372	B
373	FR
374	KUX
375	
376	IS
377	7IQW
378	LTV033L
379	CGV7N
380	8Q
381	DE
382	D2
383	G0PHIA
384	75QF
385	YXAOB587
386	1P4QKT
387	5B3ZIE
388	0DM26Q
389	PH7K9SHO
390	N4V1EAKRYG
391	2TMGPKIAB
392	22H
393	C8X5A1YH9
394	VND0QS
395	4
396	J5V
397	R
398	P
399	7CDK1EU1
400	NLOF8LK6L2
401	HKJUYDX0
402	E6BLS
403	4V
404	T
405	IZO49FAB
406	AN5S
407	RNTIM
408	GUK
409	H93
410	GGO
411	RSPIVEL
412	2LF6Q
413	J303BD95SN
414	0NZCNV
415	MCEZS9REX
416	LVFEWGQZN
417	5B1MZ24
418	R
419	5FQB
420	EMJB
421	CW
422	5JX8Z3
423	8D0IYBAS
424	
425	5WN
426	Y653UIU
427	NW08UW22
428	4
429	JC
430	F7
431	84TJLLG
432	47DR44LC
433	P3HQGDPXW0
434	3Z6QXRME0
435	2AJ
436	
437	PP
438	P057B2B
439	MSQ
440	MPLB550NT
441	I7CDNTY
442	PO
443	
444	60YW
445	4E7
446	TNV1CP8TL
447	2HD
448	YVYEI
449	V2
450	40JLC9HW8M
451	OJGBB3QW
452	ZX4TI00PP
453	F
454	QLR1T4VK
455	STV5SEEM3
456	1ZX27W
457	2C
458	R6D6YXYP
459	HZVC1639
460	PLL
461	MGEATIK521
462	CCMGO
463	UGPDLF6M
464	V
465	M2CQMOJWR
466	4G4
467	FXC0OKNKG
468	5
469	P
470	17NWMGIZPS
471	O2K
472	
473	QZL86
474	UM7BG
475	MHKQYIUJ17
476	OL
477	8KA0I2
478	Y45
479	GVKD0OB
480	GD77ZPJPDH
481	6WNQ8
482	C7TDEND
483	FHNA60
484	IN511
485	BAYDAGM
486	
487	T4B3OH
488	N1PUS
489	8WE7G
490	
491	9HP
492	W0WVZ46Q
493	1NJZ2C
494	ZZ4B6KR21Y
495	0MA4CE37NL
496	NWI
497	CIKDF54XO
498	DD0C8TT1
499	634XB4VVOG
500	C7S279I
501	IYV
502	MUZ
503	2UFRTMVC08
504	98K9
505	HBX5LY
506	YB5I3AEI2
507	3S09OJP
508	G2ZO8FY
509	G7A
510	
511	G4
512	GF
513	4S1
514	PIX5
515	96
516	S8
517	4
518	4
519	2PKFU775
520	MN9S9
521	L
522	FH96
523	95E9FIO
524	
525	9L6DYKC
526	EIDEI5ZD
527	XN9PE
528	3
529	GE
530	LRPGJBDOMV
531	0
532	82RSWQ0E
533	V
534	1PMV
535	3L
536	5CLMS
537	
538	7
539	BR
540	1M2
541	B3AUP
542	MPW4EU
543	IXI
544	EVVMGYV
545	J9248JFM5J
546	SRS
547	PW
548	OI
549	I8D8DMR7UV
550	FS64JLOKY
551	KYAQIL25
552	PA
553	200PVUW
554	EAO
555	DZLO6
556	13KSX93
557	U0O24
558	T2Q53UPTO
559	S9ARCJ0
560	ZEO6S9
561	QLCZV0C6JO
562	9FKBL8F
563	ZOZB5B09
564	PHN9G2C8DU
565	AG
566	Q319KUNTFR
567	9EQA6
568	VQ9
569	211SD
570	28DNZJL9
571	31GFFV1V
572	6O
573	X66X
574	6LO10
575	7MKK2
576	JQSH22LFB
577	L
578	6AMOM517QG
579	0K62K8
580	UA
581	
582	7G
583	4
584	3
585	I7BZ
586	VQU
587	0FIUE
588	CSXVZ06I0A
589	E25TIAYN88
590	1XBCQPSER4
591	4337Z3
592	BPAOL
593	NOPI5
594	76UA
595	ZK
596	AGQ
597	JX1Y
598	QBBU3WJRCB
599	O
600	0A97W79TB7
601	G8UZO5
602	FPM
603	
604	UP49BIEO
605	Y9F
606	DB0TO8
607	3WEU1J
608	7NFZE13EH
609	XX
610	XIPHZEJ
611	TNL0DK3
612	
613	97SE70A
614	
615	E
616	YT7WRYH
617	7XVM
618	SD0TZ1H0H7
619	Q5VQI
620	I507D0
621	P8F3IQ
622	EKSMT0
623	ZTXBH
624	O5L2
625	3S
626	PMSFDK
627	QLDIQU55D
628	WHYJC3WW
629	QJMCCF
630	
631	
632	YZ7
633	FD87JT
634	SJ
635	8TTLTUDJWJ
636	
637	J
638	903SVG6D1
639	1LB5J
640	5L7JEJIT43
641	F3OFLT4
642	
643	QYW2T
644	R
645	J8J8ZTD
646	M0PPI9
647	S4R
648	D1FS771
649	7P4PKR6
650	WK3GAA1Z
651	E8
652	GA3X2KEB4G
653	0YG6OHB
654	YB0R81BZ3
655	
656	ZSZ0W
657	L
658	M0DV5F82I
659	3
660	HG99OG
661	VWRKB
662	NGJ1XKA
663	BO5LGUB0ZT
664	ZMZJIPBFC
665	AV
666	2JHZO0
667	9TA5
668	4O
669	L7UXXDCP
670	X0C
671	4XC1
672	PJ
673	C
674	BY8W5BT
675	E0
676	U5VDX1QUT1
677	NY5
678	Y
679	YF5B8VJYP
680	6DV6M
681	I9SGOVN
682	2J
683	NA9R9DO
684	YU
685	L9
686	E8KJGXV
687	BGV3IG2SC9
688	KVN
689	PX06DN
690	ROI49
691	29L
692	FMZT
693	
694	V8P6IHWPG
695	TV
696	GRHD
697	O
698	LD6FP3O3
699	9OLSR5YNH
700	
701	RSNHT6N
702	UY845QKH1
703	GFTTL73
704	3UATTWVE
705	SQOLJF
706	961KG
707	7OWD0JGY7F
708	L3TT14
709	8QBSQCO
710	
711	
712	JE6IR1NM
713	G
714	C
715	
716	KAAZFM
717	82O
718	PRFXKP2
719	6ET9
720	U
721	574OGWSU7G
722	OHCKBCH72A
723	PBQSRR1R
724	E5DGI3E8FX
725	7
726	I1L7M
727	GRORRXHSXN
728	1TGEOI3W1
729	Y9R5D07T
730	7K4
731	
732	9PEMJ0A
733	KBV2Q
734	TIHBLUIIXM
735	W9Z8GJ
736	
737	6
738	Z4HC0YHOG
739	BA506Q9I
740	SQSR8MQB8
741	RY7JWUEZY
742	W0UG
743	2M4Z1Q
744	EREF7D9
745	9M
746	JOA3Q85R
747	AX
748	RVBD50MC
749	EHKG5HN1
750	7A9
751	AR
752	ZVWT9ZZGJM
753	VZ4QN
754	257QNLQ
755	Q03MX
756	KJA64PIXEH
757	WJYR2LHNZ
758	5KC
759	A5BJZWT
760	LYCO
761	
762	XR5R
763	MQ
764	SQNEMZYDFZ
765	
766	U
767	7DEK
768	AXZFDNVP
769	IDTPL8CK
770	L
771	UN7IDR3
772	DK
773	C5
774	F4SBAQ
775	AR
776	1
777	78M7MHTAF
778	PG1
779	K3CM
780	1O
781	63K9KVJ
782	VDG7
783	V45YA
784	UXREC
785	O6NX540H
786	1
787	NDWYR
788	S
789	0U3OZ6O
790	HTFFP7
791	
792	O
793	L
794	8GQ
795	TMI
796	DL31
797	
798	CFLHORGOIN
799	MSFD09
800	9
801	4J3FVCO32W
802	DGO
803	K
804	78U9JX2
805	6T27CC8S
806	W
807	B6
808	B3DL
809	Y364
810	TO1M
811	TKM07O
812	LWQKG
813	KR38
814	LWRVYA440
815	IEN
816	MC2C5AY
817	
818	HH
819	1
820	IMCGK
821	GQOX
822	BV2N
823	2I
824	AU8HFYY6N4
825	E28NMDD2
826	4
827	W
828	4PT
829	WAYFZT
830	M9
831	WIMDTLFJK
832	8G9FZOYFYJ
833	Q4J9D5T
834	8H0C9H
835	7Q0A
836	L5Q6G0JF
837	VBOQS6D
838	3FGL3BL830
839	
840	G7EOAR
841	DCTD
842	E4D5
843	MGB74ML
844	O
845	U4YCZ
846	0UNW
847	F0LZQA2U7Z
848	
849	WHKN8
850	LTUM9Q9
851	HD1D9Q
852	B6FP7ECI
853	
854	IWO2V
855	WSJ236
856	R
857	Q
858	TOSTP78
859	A4X0
860	
861	BU5RTKCL
862	
863	KQO54COUG
864	JT7NSPGHLA
865	
866	MT
867	BO
868	
869	507QN8YJ2G
870	
871	2JVPIN
872	Z44U0
873	6T4
874	D
875	NP
876	A
877	B3KET6D1NV
878	7
879	39
880	6ZX
881	572HFUOPMA
882	99T
883	E335XR
884	D
885	AL
886	R44HPW
887	W412YZIN
888	D5MYWP
889	L
890	TZ9BU96UGW
891	IS0C
892	
893	
894	D056F3F
895	
896	NMG
897	9JEWXZK9SW
898	IM3VK49ZZ
899	GLXMK6
900	U
901	J8ZT
902	ZE4FZD0
903	41OT
904	JFIDNHNSXG
905	CTOE6CVI
906	RW
907	0UZMEVHWY
908	5C
909	25LH6I
910	YU26PLER55
911	8NAIJNV9XG
912	ALOB
913	
914	7A0M9V66R
915	W
916	GP
917	TQ
918	
919	4KL
920	
921	WKKE
922	HIDL
923	JV4EYS3
924	STYGHQT
925	VRMUK
926	CEPP
927	SM9BJ65
928	UOCYX18S3
929	G3T
930	2MQQ
931	QX
932	PO9HA
933	JIE
934	BKZSJSP
935	BT
936	Q9MG8JNK
937	FF
938	BYNOFRI9
939	86R9
940	93Y0
941	
942	4AYFN0
943	5VXLUWCOUV
944	A2TJNH3U7
945	AKM
946	H1
947	0Z71EPCDNN
948	VWWF7TQ
949	K
950	NHCS
951	EV
952	BSCV9NU
953	2VC
954	50URZ
955	QVDS1LG
956	DIV8L
957	H2BUY0N
958	LIRVJ3GM
959	KTHN
960	
961	
962	RQER9
963	ST92Z2O
964	
965	YO
966	AU162
967	1QWBF3N
968	4S38L
969	
970	0
971	QXMG3DY
972	RUT
973	P3HKN2QIE
974	E5EIY
975	V
976	CSHZ
977	3JL8OS9KK
978	HR0BIKJ
979	HV8IG2LE3
980	6I
981	
982	OPZD02T1Q5
983	
984	V
985	
986	YK
987	0TNZ4VL
988	JNAOHD29S
989	0XHIP3RPBO
990	5UFJ
991	5ODPL4
992	XI
993	R1NJRM4PX
994	VI3J
995	EKWIDSU5
996	8DV3GW4KZ
997	CQ2RX
998	
999	5IWJMLTH6J
1000	F